quarter,gdp_level,gdp_qoq_pct,gdp_yoy_pct,trends_raw_cat_11_home_and_garden,trends_raw_cat_12_business_and_industrial,trends_raw_cat_18_shopping,trends_raw_cat_29_real_estate,trends_raw_cat_45_health,trends_raw_cat_47_autos_and_vehicles,trends_raw_cat_5_computers_and_electronics,trends_raw_cat_67_travel,trends_raw_cat_71_food_and_drink,trends_raw_cat_7_finance,trends_raw_cat_958_jobs_and_education,trends_raw_kw_aktien,trends_raw_kw_ams,trends_raw_kw_arbeitslosengeld,trends_raw_kw_arbeitslosigkeit,trends_raw_kw_auto_kaufen,trends_raw_kw_benzinpreis,trends_raw_kw_betriebsschliessung,trends_raw_kw_bewerbung,trends_raw_kw_fernseher,trends_raw_kw_firmenbuch,trends_raw_kw_flug_buchen,trends_raw_kw_gebrauchtwagen,trends_raw_kw_gewerbeanmeldung,trends_raw_kw_gold_kaufen,trends_raw_kw_hotel,trends_raw_kw_hypothek,trends_raw_kw_impfen,trends_raw_kw_impfung,trends_raw_kw_inflation,trends_raw_kw_insolvenz,trends_raw_kw_jobsuche,trends_raw_kw_kino,trends_raw_kw_konkurs,trends_raw_kw_kredit,trends_raw_kw_kurzarbeit,trends_raw_kw_lebenslauf,trends_raw_kw_moebel,trends_raw_kw_oelpreis,trends_raw_kw_praktikum,trends_raw_kw_restaurant,trends_raw_kw_sparbuch,trends_raw_kw_stellenangebote,trends_raw_kw_strompreis,trends_raw_kw_teilzeitjob,trends_raw_kw_urlaub_buchen,trends_raw_kw_waschmaschine,trends_raw_kw_wohnung_kaufen,trends_raw_kw_wohnung_mieten,trends_raw_kw_zinsen,trends_raw_topic_arbeitslosigkeit,trends_raw_topic_bewerbung,trends_raw_topic_gebrauchtwagen,trends_raw_topic_inflation,trends_raw_topic_insolvenz,trends_raw_topic_kino,trends_raw_topic_kredit,trends_raw_topic_moebel,trends_raw_topic_pandemie,trends_raw_topic_skyscanner,trends_raw_topic_sparbuch,trends_raw_topic_strompreis,trends_log_cat_11_home_and_garden,trends_log_cat_12_business_and_industrial,trends_log_cat_18_shopping,trends_log_cat_29_real_estate,trends_log_cat_45_health,trends_log_cat_47_autos_and_vehicles,trends_log_cat_5_computers_and_electronics,trends_log_cat_67_travel,trends_log_cat_71_food_and_drink,trends_log_cat_7_finance,trends_log_cat_958_jobs_and_education,trends_log_kw_aktien,trends_log_kw_ams,trends_log_kw_arbeitslosengeld,trends_log_kw_arbeitslosigkeit,trends_log_kw_auto_kaufen,trends_log_kw_benzinpreis,trends_log_kw_betriebsschliessung,trends_log_kw_bewerbung,trends_log_kw_fernseher,trends_log_kw_firmenbuch,trends_log_kw_flug_buchen,trends_log_kw_gebrauchtwagen,trends_log_kw_gewerbeanmeldung,trends_log_kw_gold_kaufen,trends_log_kw_hotel,trends_log_kw_hypothek,trends_log_kw_impfen,trends_log_kw_impfung,trends_log_kw_inflation,trends_log_kw_insolvenz,trends_log_kw_jobsuche,trends_log_kw_kino,trends_log_kw_konkurs,trends_log_kw_kredit,trends_log_kw_kurzarbeit,trends_log_kw_lebenslauf,trends_log_kw_moebel,trends_log_kw_oelpreis,trends_log_kw_praktikum,trends_log_kw_restaurant,trends_log_kw_sparbuch,trends_log_kw_stellenangebote,trends_log_kw_strompreis,trends_log_kw_teilzeitjob,trends_log_kw_urlaub_buchen,trends_log_kw_waschmaschine,trends_log_kw_wohnung_kaufen,trends_log_kw_wohnung_mieten,trends_log_kw_zinsen,trends_log_topic_arbeitslosigkeit,trends_log_topic_bewerbung,trends_log_topic_gebrauchtwagen,trends_log_topic_inflation,trends_log_topic_insolvenz,trends_log_topic_kino,trends_log_topic_kredit,trends_log_topic_moebel,trends_log_topic_pandemie,trends_log_topic_skyscanner,trends_log_topic_sparbuch,trends_log_topic_strompreis,gdp_qoq_pct_lag1,gdp_yoy_pct_lag1,gdp_qoq_pct_lag4,gdp_yoy_pct_lag4
2008Q1,75723.9,2.1,3.6,74.66666666666667,96.66666666666667,96.66666666666667,97.66666666666667,73.33333333333333,96.33333333333333,93.66666666666667,86.0,58.0,90.0,94.0,30.666666666666668,50.333333333333336,24.0,21.0,21.333333333333332,10.333333333333334,0.0,87.33333333333333,36.333333333333336,61.666666666666664,20.0,57.333333333333336,83.0,10.666666666666666,86.0,0.0,1.0,2.0,30.0,7.0,84.0,69.0,63.0,54.333333333333336,0.0,87.0,73.0,14.666666666666666,67.33333333333333,27.333333333333332,38.333333333333336,60.666666666666664,4.333333333333333,79.66666666666667,22.666666666666668,23.666666666666668,4.0,6.333333333333333,49.0,28.0,90.66666666666667,56.333333333333336,32.0,10.0,5.333333333333333,40.333333333333336,68.66666666666667,0.0,3.3333333333333335,0.0,6.333333333333333,4.326337728813293,4.581560320348958,4.581560320348958,4.591747165655951,4.308559482792009,4.578141513600172,4.550361949493096,4.465908118654584,4.07753744390572,4.51085950651685,4.553876891600541,3.455264602932431,3.9383403137455195,3.2188758248682006,3.091042453358316,3.106080330722856,2.4277482359480516,0.0,4.481117537318113,3.619886582626985,4.137829674161839,3.044522437723423,4.0661736852554045,4.430816798843313,2.456735772821304,4.465908118654584,0.0,0.6931471805599453,1.0986122886681096,3.4339872044851463,2.0794415416798357,4.442651256490317,4.248495242049359,4.1588830833596715,4.013375499688434,0.0,4.477336814478207,4.304065093204169,2.751535313041949,4.2243976904702984,3.3440389678222067,3.672072335797555,4.121743536410215,1.6739764335716716,4.390325437488577,3.164067588373206,3.20545280453606,1.6094379124341003,1.992430164690206,3.912023005428146,3.367295829986474,4.518158808998462,4.048882188145344,3.4965075614664802,2.3978952727983707,1.8458266904983307,3.721669276936927,4.243721963296702,0.0,1.4663370687934272,0.0,1.992430164690206,,,,
2008Q2,75537.9,-0.2,2.3,72.66666666666667,91.66666666666667,89.0,96.0,68.66666666666667,92.0,82.33333333333333,82.0,56.0,77.33333333333333,84.66666666666667,21.666666666666668,44.0,20.666666666666668,23.0,23.333333333333332,23.333333333333332,0.0,63.0,31.333333333333332,58.0,20.333333333333332,49.666666666666664,59.0,8.666666666666666,83.66666666666667,0.0,2.0,2.3333333333333335,30.0,6.333333333333333,67.33333333333333,45.666666666666664,62.333333333333336,57.0,0.0,73.66666666666667,60.0,23.333333333333332,49.666666666666664,27.666666666666668,30.333333333333332,51.666666666666664,3.3333333333333335,64.33333333333333,21.666666666666668,23.333333333333332,2.6666666666666665,6.0,39.666666666666664,33.0,66.33333333333333,51.666666666666664,31.333333333333332,8.333333333333334,4.333333333333333,39.666666666666664,59.333333333333336,0.3333333333333333,3.3333333333333335,0.0,5.333333333333333,4.299550412849643,4.529008825022528,4.499809670330265,4.574710978503383,4.243721963296702,4.532599493153256,4.422848629194137,4.418840607796598,4.04305126783455,4.360973225476049,4.45046379622711,3.120895416507997,3.8066624897703196,3.0757749812275277,3.1780538303479458,3.1918471524802814,3.1918471524802814,0.0,4.1588830833596715,3.4760986898352733,4.07753744390572,3.060270794691562,3.9252682321781664,4.0943445622221,2.268683541318364,4.438721978350427,0.0,1.0986122886681096,1.2039728043259361,3.4339872044851463,1.992430164690206,4.2243976904702984,3.8430301339411947,4.148411783492376,4.060443010546419,0.0,4.31303376318693,4.110873864173311,3.1918471524802814,3.9252682321781664,3.355735007585398,3.4446824936018943,3.963982744358857,1.4663370687934272,4.179502370562408,3.120895416507997,3.1918471524802814,1.2992829841302609,1.9459101490553132,3.7054087560651467,3.5263605246161616,4.209655408733095,3.963982744358857,3.4760986898352733,2.2335922215070942,1.6739764335716716,3.7054087560651467,4.099884742597716,0.2876820724517809,1.4663370687934272,0.0,1.8458266904983307,2.1,3.6,,
2008Q3,75012.8,-0.7,1.0,69.0,85.33333333333333,87.66666666666667,93.66666666666667,61.666666666666664,90.66666666666667,77.33333333333333,87.0,51.0,78.0,73.33333333333333,23.666666666666668,48.666666666666664,22.0,7.333333333333333,24.666666666666668,18.333333333333332,0.0,69.0,33.666666666666664,61.0,20.0,54.666666666666664,48.333333333333336,9.0,93.33333333333333,0.0,1.0,1.0,32.333333333333336,7.666666666666667,75.66666666666667,69.66666666666667,58.333333333333336,60.666666666666664,0.0,59.333333333333336,71.66666666666667,40.666666666666664,40.0,29.666666666666668,39.333333333333336,59.0,3.3333333333333335,69.33333333333333,20.666666666666668,26.0,4.0,7.0,50.0,21.666666666666668,68.33333333333333,56.333333333333336,32.333333333333336,9.666666666666666,5.333333333333333,42.333333333333336,68.33333333333333,0.6666666666666666,3.6666666666666665,0.0,5.333333333333333,4.248495242049359,4.458215773031428,4.484884020113589,4.550361949493096,4.137829674161839,4.518158808998462,4.360973225476049,4.477336814478207,3.9512437185814275,4.3694478524670215,4.308559482792009,3.20545280453606,3.905334017277349,3.1354942159291497,2.120263536200091,3.245193133185574,2.9618307218783095,0.0,4.248495242049359,3.545778610473263,4.127134385045092,3.044522437723423,4.019381523748645,3.8985999850960056,2.302585092994046,4.546834608975128,0.0,0.6931471805599453,0.6931471805599453,3.506557897319982,2.1594842493533726,4.339467020255086,4.257973986003903,4.083171261623976,4.121743536410215,0.0,4.099884742597716,4.28588277412098,3.7297014486341915,3.713572066704308,3.4231762883809305,3.6971782569286313,4.0943445622221,1.4663370687934272,4.253245844807957,3.0757749812275277,3.295836866004329,1.6094379124341003,2.0794415416798357,3.9318256327243257,3.120895416507997,4.238925791033208,4.048882188145344,3.506557897319982,2.367123614131617,1.8458266904983307,3.7689221617874726,4.238925791033208,0.5108256237659907,1.5404450409471488,0.0,1.8458266904983307,-0.2,2.3,,
2008Q4,73103.9,-2.5,-1.4,64.66666666666667,88.33333333333333,96.33333333333333,77.0,63.666666666666664,76.66666666666667,85.33333333333333,64.33333333333333,57.333333333333336,87.0,83.66666666666667,42.0,48.666666666666664,25.0,22.666666666666668,19.333333333333332,14.666666666666666,0.0,66.33333333333333,43.666666666666664,62.333333333333336,15.0,46.0,57.333333333333336,17.666666666666668,67.66666666666667,22.333333333333332,1.0,1.0,32.0,8.0,57.333333333333336,71.0,70.33333333333333,64.66666666666667,1.0,70.66666666666667,63.666666666666664,39.333333333333336,49.666666666666664,33.0,65.0,50.0,3.6666666666666665,70.33333333333333,11.333333333333334,27.0,3.6666666666666665,6.333333333333333,70.66666666666667,35.0,66.66666666666667,48.0,35.0,10.666666666666666,5.333333333333333,47.0,63.0,0.6666666666666666,3.0,0.0,6.0,4.1845914400698785,4.4923746918427465,4.578141513600172,4.356708826689592,4.169245870395218,4.352426164897591,4.458215773031428,4.179502370562408,4.0661736852554045,4.477336814478207,4.438721978350427,3.7612001156935624,3.905334017277349,3.258096538021482,3.164067588373206,3.0122615755052013,2.751535313041949,0.0,4.209655408733095,3.7992275112828016,4.148411783492376,2.772588722239781,3.8501476017100584,4.0661736852554045,2.9267394020670396,4.229263880121471,3.1498829533812494,0.6931471805599453,0.6931471805599453,3.4965075614664802,2.1972245773362196,4.0661736852554045,4.276666119016055,4.267363726353742,4.1845914400698785,0.6931471805599453,4.272025739459553,4.169245870395218,3.6971782569286313,3.9252682321781664,3.5263605246161616,4.189654742026425,3.9318256327243257,1.5404450409471488,4.267363726353742,2.512305623976115,3.332204510175204,1.5404450409471488,1.992430164690206,4.272025739459553,3.58351893845611,4.214593690373678,3.8918202981106265,3.58351893845611,2.456735772821304,1.8458266904983307,3.8712010109078907,4.1588830833596715,0.5108256237659907,1.3862943611198906,0.0,1.9459101490553132,-0.7,1.0,,
2009Q1,72305.6,-1.1,-4.5,67.0,87.0,86.0,86.0,68.0,84.0,81.33333333333333,74.0,52.0,86.33333333333333,85.33333333333333,25.0,60.333333333333336,36.666666666666664,27.0,27.666666666666668,9.0,0.0,90.0,35.0,60.0,18.666666666666668,60.333333333333336,50.666666666666664,14.666666666666666,77.0,0.0,1.0,1.3333333333333333,36.333333333333336,12.333333333333334,72.66666666666667,77.66666666666667,93.33333333333333,61.333333333333336,3.6666666666666665,81.0,73.0,24.0,74.66666666666667,28.666666666666668,43.0,56.333333333333336,4.0,78.0,20.666666666666668,26.666666666666668,5.333333333333333,7.0,62.0,42.666666666666664,89.0,62.0,39.333333333333336,15.666666666666666,5.333333333333333,44.666666666666664,69.33333333333333,0.6666666666666666,3.3333333333333335,0.0,5.666666666666667,4.219507705176107,4.477336814478207,4.465908118654584,4.465908118654584,4.23410650459726,4.442651256490317,4.410776047959867,4.31748811353631,3.970291913552122,4.4697322150929875,4.458215773031428,3.258096538021482,4.116323468940876,3.628775530044231,3.332204510175204,3.355735007585398,2.302585092994046,0.0,4.51085950651685,3.58351893845611,4.110873864173311,2.9789251552376097,4.116323468940876,3.9448128282511368,2.751535313041949,4.356708826689592,0.0,0.6931471805599453,0.8472978603872036,3.619886582626985,2.5902671654458267,4.299550412849643,4.3652195163575005,4.546834608975128,4.132496328186477,1.5404450409471488,4.406719247264253,4.304065093204169,3.2188758248682006,4.326337728813293,3.39002408106403,3.784189633918261,4.048882188145344,1.6094379124341003,4.3694478524670215,3.0757749812275277,3.3202283191284883,1.8458266904983307,2.0794415416798357,4.143134726391533,3.7765850345330416,4.499809670330265,4.143134726391533,3.6971782569286313,2.8134107167600364,1.8458266904983307,3.821368637160015,4.253245844807957,0.5108256237659907,1.4663370687934272,0.0,1.8971199848858813,-2.5,-1.4,2.1,3.6
2009Q2,71914.2,-0.5,-4.8,63.0,78.66666666666667,76.66666666666667,80.0,60.333333333333336,84.33333333333333,65.0,70.33333333333333,49.0,71.33333333333333,70.0,24.666666666666668,54.0,38.666666666666664,31.333333333333332,24.666666666666668,8.666666666666666,0.0,62.333333333333336,34.0,55.666666666666664,21.0,59.666666666666664,54.0,11.0,82.0,33.333333333333336,1.0,2.0,28.666666666666668,13.333333333333334,84.33333333333333,62.0,83.0,52.0,2.0,69.66666666666667,68.33333333333333,14.666666666666666,54.666666666666664,28.666666666666668,34.333333333333336,57.0,2.3333333333333335,48.0,30.666666666666668,28.666666666666668,4.666666666666667,8.666666666666666,45.0,39.666666666666664,66.0,60.666666666666664,31.0,14.666666666666666,4.333333333333333,38.0,63.333333333333336,6.333333333333333,4.333333333333333,0.0,4.0,4.1588830833596715,4.377851263263401,4.352426164897591,4.394449154672439,4.116323468940876,4.446565155811452,4.189654742026425,4.267363726353742,3.912023005428146,4.28128506487235,4.2626798770413155,3.245193133185574,4.007333185232471,3.6805112044434196,3.4760986898352733,3.245193133185574,2.268683541318364,0.0,4.148411783492376,3.5553480614894135,4.037186148382152,3.091042453358316,4.105394398408686,4.007333185232471,2.4849066497880004,4.418840607796598,3.5361166995615263,0.6931471805599453,1.0986122886681096,3.39002408106403,2.662587827025453,4.446565155811452,4.143134726391533,4.430816798843313,3.970291913552122,1.0986122886681096,4.257973986003903,4.238925791033208,2.751535313041949,4.019381523748645,3.39002408106403,3.5648268054439574,4.060443010546419,1.2039728043259361,3.8918202981106265,3.455264602932431,3.39002408106403,1.7346010553881064,2.268683541318364,3.828641396489095,3.7054087560651467,4.204692619390966,4.121743536410215,3.4657359027997265,2.751535313041949,1.6739764335716716,3.6635616461296463,4.164077900236776,1.992430164690206,1.6739764335716716,0.0,1.6094379124341003,-1.1,-4.5,-0.2,2.3
2009Q3,72159.7,0.3,-3.8,58.0,71.33333333333333,75.0,84.33333333333333,57.666666666666664,79.33333333333333,63.0,75.33333333333333,46.666666666666664,69.33333333333333,63.0,23.666666666666668,55.666666666666664,38.0,16.333333333333332,27.666666666666668,6.666666666666667,0.0,58.666666666666664,40.333333333333336,57.0,19.333333333333332,66.0,68.66666666666667,11.333333333333334,94.0,28.333333333333332,1.0,1.6666666666666667,19.666666666666668,10.0,89.66666666666667,84.33333333333333,81.0,51.333333333333336,1.0,54.333333333333336,81.0,13.333333333333334,47.333333333333336,29.666666666666668,36.666666666666664,64.66666666666667,2.0,67.33333333333333,29.666666666666668,34.666666666666664,5.0,10.666666666666666,43.333333333333336,32.0,63.0,68.66666666666667,21.0,11.666666666666666,4.666666666666667,37.0,72.0,2.6666666666666665,4.666666666666667,0.0,3.6666666666666665,4.07753744390572,4.28128506487235,4.330733340286331,4.446565155811452,4.071871706370042,4.386184644822546,4.1588830833596715,4.33510971488613,3.8642323415917974,4.253245844807957,4.1588830833596715,3.20545280453606,4.037186148382152,3.6635616461296463,2.8526314299133175,3.355735007585398,2.03688192726104,0.0,4.088773517172645,3.721669276936927,4.060443010546419,3.0122615755052013,4.204692619390966,4.243721963296702,2.512305623976115,4.553876891600541,3.378724525810097,0.6931471805599453,0.9808292530117262,3.028522096376982,2.3978952727983707,4.507189777627888,4.446565155811452,4.406719247264253,3.9576335166801986,0.6931471805599453,4.013375499688434,4.406719247264253,2.662587827025453,3.8781214537524646,3.4231762883809305,3.628775530044231,4.1845914400698785,1.0986122886681096,4.2243976904702984,3.4231762883809305,3.574216545793796,1.791759469228055,2.456735772821304,3.791736839553644,3.4965075614664802,4.1588830833596715,4.243721963296702,3.091042453358316,2.538973871058276,1.7346010553881064,3.6375861597263857,4.290459441148391,1.2992829841302609,1.7346010553881064,0.0,1.5404450409471488,-0.5,-4.8,-0.7,1.0
2009Q4,72341.1,0.3,-1.0,56.333333333333336,69.66666666666667,80.66666666666667,67.66666666666667,57.333333333333336,67.33333333333333,68.66666666666667,56.333333333333336,51.0,69.0,68.33333333333333,23.333333333333332,49.333333333333336,35.333333333333336,23.333333333333332,23.666666666666668,2.3333333333333335,10.333333333333334,63.0,61.0,66.33333333333333,18.0,52.0,66.0,12.666666666666666,66.66666666666667,0.0,3.0,4.333333333333333,23.0,9.333333333333334,78.33333333333333,84.66666666666667,76.66666666666667,44.0,0.6666666666666666,74.33333333333333,85.0,9.0,55.333333333333336,32.333333333333336,45.0,59.333333333333336,3.0,51.0,10.666666666666666,33.0,5.0,9.0,48.333333333333336,37.333333333333336,72.66666666666667,53.0,25.333333333333332,10.666666666666666,5.333333333333333,32.666666666666664,75.33333333333333,3.6666666666666665,4.333333333333333,0.0,4.666666666666667,4.048882188145344,4.257973986003903,4.402645921876617,4.229263880121471,4.0661736852554045,4.2243976904702984,4.243721963296702,4.048882188145344,3.9512437185814275,4.248495242049359,4.238925791033208,3.1918471524802814,3.9186675481468147,3.592735593561034,3.1918471524802814,3.20545280453606,1.2039728043259361,2.4277482359480516,4.1588830833596715,4.127134385045092,4.209655408733095,2.9444389791664403,3.970291913552122,4.204692619390966,2.614959778036198,4.214593690373678,0.0,1.3862943611198906,1.6739764335716716,3.1780538303479458,2.3353749158170367,4.373658385003365,4.45046379622711,4.352426164897591,3.8066624897703196,0.5108256237659907,4.321922710604176,4.454347296253507,2.302585092994046,4.0312864262549635,3.506557897319982,3.828641396489095,4.099884742597716,1.3862943611198906,3.9512437185814275,2.456735772821304,3.5263605246161616,1.791759469228055,2.302585092994046,3.8985999850960056,3.6463198396951406,4.299550412849643,3.9889840465642745,3.270835563798912,2.456735772821304,1.8458266904983307,3.5165082281731497,4.33510971488613,1.5404450409471488,1.6739764335716716,0.0,1.7346010553881064,0.3,-3.8,-2.5,-1.4
2010Q1,72086.1,-0.4,-0.3,54.666666666666664,71.66666666666667,70.66666666666667,72.66666666666667,57.0,68.66666666666667,63.0,62.333333333333336,45.333333333333336,72.33333333333333,68.0,21.333333333333332,56.333333333333336,39.0,27.666666666666668,28.333333333333332,3.6666666666666665,0.0,83.33333333333333,54.0,61.666666666666664,22.0,55.666666666666664,63.666666666666664,15.333333333333334,76.33333333333333,18.0,1.0,1.3333333333333333,22.333333333333332,9.0,96.0,80.66666666666667,83.66666666666667,49.0,0.3333333333333333,90.66666666666667,96.0,12.666666666666666,72.66666666666667,31.333333333333332,39.666666666666664,80.0,3.3333333333333335,47.666666666666664,25.0,33.333333333333336,6.0,11.0,46.666666666666664,38.333333333333336,93.66666666666667,58.666666666666664,26.666666666666668,10.333333333333334,6.0,35.333333333333336,88.33333333333333,1.0,7.333333333333333,1.6666666666666667,5.0,4.019381523748645,4.28588277412098,4.272025739459553,4.299550412849643,4.060443010546419,4.243721963296702,4.1588830833596715,4.148411783492376,3.835861644462582,4.295015257684252,4.23410650459726,3.106080330722856,4.048882188145344,3.6888794541139363,3.355735007585398,3.378724525810097,1.5404450409471488,0.0,4.43477720005941,4.007333185232471,4.137829674161839,3.1354942159291497,4.037186148382152,4.169245870395218,2.793208009442517,4.3481250829982,2.9444389791664403,0.6931471805599453,0.8472978603872036,3.1498829533812494,2.302585092994046,4.574710978503383,4.402645921876617,4.438721978350427,3.912023005428146,0.2876820724517809,4.518158808998462,4.574710978503383,2.614959778036198,4.299550412849643,3.4760986898352733,3.7054087560651467,4.394449154672439,1.4663370687934272,3.884994333040227,3.258096538021482,3.5361166995615263,1.9459101490553132,2.4849066497880004,3.8642323415917974,3.672072335797555,4.550361949493096,4.088773517172645,3.3202283191284883,2.4277482359480516,1.9459101490553132,3.592735593561034,4.4923746918427465,0.6931471805599453,2.120263536200091,0.9808292530117262,1.791759469228055,0.3,-1.0,-1.1,-4.5
2010Q2,73041.4,1.3,1.6,52.666666666666664,67.66666666666667,63.333333333333336,69.66666666666667,50.333333333333336,65.66666666666667,50.333333333333336,60.333333333333336,42.0,65.33333333333333,57.666666666666664,23.666666666666668,50.333333333333336,33.0,26.333333333333332,29.0,7.666666666666667,0.0,64.0,52.333333333333336,60.333333333333336,19.666666666666668,53.333333333333336,72.66666666666667,25.666666666666668,81.33333333333333,36.666666666666664,1.0,2.0,28.333333333333332,7.0,74.0,56.0,68.0,53.666666666666664,0.0,73.33333333333333,84.0,14.666666666666666,55.333333333333336,31.0,30.333333333333332,68.66666666666667,4.333333333333333,60.333333333333336,28.666666666666668,36.333333333333336,7.666666666666667,13.333333333333334,39.666666666666664,34.666666666666664,70.66666666666667,56.666666666666664,33.666666666666664,8.333333333333334,5.0,39.666666666666664,77.0,0.6666666666666666,6.666666666666667,0.0,5.666666666666667,3.982792076316353,4.229263880121471,4.164077900236776,4.257973986003903,3.9383403137455195,4.199705077879927,3.9383403137455195,4.116323468940876,3.7612001156935624,4.194692536056382,4.071871706370042,3.20545280453606,3.9383403137455195,3.5263605246161616,3.3081069585961433,3.4011973816621555,2.1594842493533726,0.0,4.174387269895637,3.9765615265657175,4.116323468940876,3.028522096376982,3.9951379121386528,4.299550412849643,3.283414346005772,4.410776047959867,3.628775530044231,0.6931471805599453,1.0986122886681096,3.378724525810097,2.0794415416798357,4.31748811353631,4.04305126783455,4.23410650459726,4.001254139156089,0.0,4.308559482792009,4.442651256490317,2.751535313041949,4.0312864262549635,3.4657359027997265,3.4446824936018943,4.243721963296702,1.6739764335716716,4.116323468940876,3.39002408106403,3.619886582626985,2.1594842493533726,2.662587827025453,3.7054087560651467,3.574216545793796,4.272025739459553,4.054679305829669,3.545778610473263,2.2335922215070942,1.791759469228055,3.7054087560651467,4.356708826689592,0.5108256237659907,2.03688192726104,0.0,1.8971199848858813,-0.4,-0.3,-0.5,-4.8
2010Q3,73906.7,1.2,2.4,48.666666666666664,58.333333333333336,59.666666666666664,66.66666666666667,47.666666666666664,62.0,48.333333333333336,59.666666666666664,39.666666666666664,59.666666666666664,46.666666666666664,18.666666666666668,53.666666666666664,34.0,13.0,32.0,6.0,0.0,61.0,47.666666666666664,57.666666666666664,20.666666666666668,60.0,60.0,16.0,90.0,23.0,1.0,1.3333333333333333,15.666666666666666,7.666666666666667,69.33333333333333,82.33333333333333,71.0,47.0,0.0,52.333333333333336,79.66666666666667,13.333333333333334,49.0,33.666666666666664,31.666666666666668,67.66666666666667,2.6666666666666665,48.333333333333336,30.333333333333332,34.666666666666664,8.333333333333334,14.666666666666666,37.666666666666664,27.0,64.33333333333333,60.666666666666664,18.0,9.666666666666666,5.0,35.666666666666664,74.33333333333333,0.3333333333333333,8.333333333333334,0.0,4.0,3.905334017277349,4.083171261623976,4.105394398408686,4.214593690373678,3.884994333040227,4.143134726391533,3.8985999850960056,4.105394398408686,3.7054087560651467,4.105394398408686,3.8642323415917974,2.9789251552376097,4.001254139156089,3.5553480614894135,2.639057329615259,3.4965075614664802,1.9459101490553132,0.0,4.127134385045092,3.884994333040227,4.071871706370042,3.0757749812275277,4.110873864173311,4.110873864173311,2.833213344056216,4.51085950651685,3.1780538303479458,0.6931471805599453,0.8472978603872036,2.8134107167600364,2.1594842493533726,4.253245844807957,4.422848629194137,4.276666119016055,3.8712010109078907,0.0,3.9765615265657175,4.390325437488577,2.662587827025453,3.912023005428146,3.545778610473263,3.4863551900024623,4.229263880121471,1.2992829841302609,3.8985999850960056,3.4446824936018943,3.574216545793796,2.2335922215070942,2.751535313041949,3.654977902438255,3.332204510175204,4.179502370562408,4.121743536410215,2.9444389791664403,2.367123614131617,1.791759469228055,3.6018680771243066,4.321922710604176,0.2876820724517809,2.2335922215070942,0.0,1.6094379124341003,1.3,1.6,0.3,-3.8
2010Q4,74629.4,1.0,3.2,44.0,57.666666666666664,64.0,54.333333333333336,45.666666666666664,53.333333333333336,49.333333333333336,46.0,43.666666666666664,58.666666666666664,53.666666666666664,27.666666666666668,49.0,30.333333333333332,20.666666666666668,27.0,5.0,0.0,63.333333333333336,60.333333333333336,59.666666666666664,19.0,47.333333333333336,54.0,18.333333333333332,63.333333333333336,37.666666666666664,1.0,1.0,22.333333333333332,9.0,51.666666666666664,75.66666666666667,65.33333333333333,41.0,0.0,64.33333333333333,80.0,9.333333333333334,57.0,36.333333333333336,34.666666666666664,59.666666666666664,3.0,53.333333333333336,13.333333333333334,32.0,6.666666666666667,12.333333333333334,39.0,31.0,67.33333333333333,50.0,27.0,10.666666666666666,4.666666666666667,33.0,71.33333333333333,0.6666666666666666,6.333333333333333,0.0,5.0,3.8066624897703196,4.071871706370042,4.174387269895637,4.013375499688434,3.8430301339411947,3.9951379121386528,3.9186675481468147,3.8501476017100584,3.7992275112828016,4.088773517172645,4.001254139156089,3.355735007585398,3.912023005428146,3.4446824936018943,3.0757749812275277,3.332204510175204,1.791759469228055,0.0,4.164077900236776,4.116323468940876,4.105394398408686,2.995732273553991,3.8781214537524646,4.007333185232471,2.9618307218783095,4.164077900236776,3.654977902438255,0.6931471805599453,0.6931471805599453,3.1498829533812494,2.302585092994046,3.963982744358857,4.339467020255086,4.194692536056382,3.7376696182833684,0.0,4.179502370562408,4.394449154672439,2.3353749158170367,4.060443010546419,3.619886582626985,3.574216545793796,4.105394398408686,1.3862943611198906,3.9951379121386528,2.662587827025453,3.4965075614664802,2.03688192726104,2.5902671654458267,3.6888794541139363,3.4657359027997265,4.2243976904702984,3.9318256327243257,3.332204510175204,2.456735772821304,1.7346010553881064,3.5263605246161616,4.28128506487235,0.5108256237659907,1.992430164690206,0.0,1.791759469228055,1.2,2.4,0.3,-1.0
2011Q1,75375.3,1.0,4.6,60.333333333333336,77.33333333333333,77.0,78.0,63.666666666666664,75.0,60.666666666666664,67.0,52.333333333333336,80.0,72.33333333333333,23.666666666666668,58.333333333333336,31.0,18.0,30.666666666666668,14.0,0.0,90.33333333333333,45.666666666666664,61.0,22.0,59.0,63.333333333333336,18.333333333333332,74.0,40.0,1.0,1.3333333333333333,29.333333333333332,8.666666666666666,56.333333333333336,72.66666666666667,64.0,50.0,0.0,83.33333333333333,86.0,15.333333333333334,73.0,36.0,33.333333333333336,81.66666666666667,3.3333333333333335,66.66666666666667,40.666666666666664,33.0,9.666666666666666,18.666666666666668,38.333333333333336,28.666666666666668,88.0,61.666666666666664,30.0,10.333333333333334,4.333333333333333,33.333333333333336,71.33333333333333,0.6666666666666666,8.0,0.0,5.0,4.116323468940876,4.360973225476049,4.356708826689592,4.3694478524670215,4.169245870395218,4.330733340286331,4.121743536410215,4.219507705176107,3.9765615265657175,4.394449154672439,4.295015257684252,3.20545280453606,4.083171261623976,3.4657359027997265,2.9444389791664403,3.455264602932431,2.70805020110221,0.0,4.5145158177199605,3.8430301339411947,4.127134385045092,3.1354942159291497,4.0943445622221,4.164077900236776,2.9618307218783095,4.31748811353631,3.713572066704308,0.6931471805599453,0.8472978603872036,3.41224721784874,2.268683541318364,4.048882188145344,4.299550412849643,4.174387269895637,3.9318256327243257,0.0,4.43477720005941,4.465908118654584,2.793208009442517,4.304065093204169,3.6109179126442243,3.5361166995615263,4.4148164574968725,1.4663370687934272,4.214593690373678,3.7297014486341915,3.5263605246161616,2.367123614131617,2.9789251552376097,3.672072335797555,3.39002408106403,4.48863636973214,4.137829674161839,3.4339872044851463,2.4277482359480516,1.6739764335716716,3.5361166995615263,4.28128506487235,0.5108256237659907,2.1972245773362196,0.0,1.791759469228055,1.0,3.2,-0.4,-0.3
2011Q2,75338.5,0.0,3.1,60.333333333333336,73.66666666666667,74.0,78.0,59.0,75.33333333333333,53.333333333333336,65.66666666666667,51.666666666666664,70.66666666666667,60.0,19.333333333333332,55.0,30.0,17.666666666666668,35.666666666666664,13.333333333333334,0.0,66.0,35.666666666666664,56.333333333333336,24.0,47.0,60.0,16.666666666666668,76.33333333333333,38.0,1.0,2.0,25.666666666666668,7.333333333333333,48.666666666666664,70.33333333333333,58.0,49.333333333333336,0.0,66.66666666666667,73.33333333333333,16.666666666666668,51.666666666666664,35.333333333333336,33.0,75.0,2.6666666666666665,48.333333333333336,49.0,30.666666666666668,10.333333333333334,20.333333333333332,36.333333333333336,28.333333333333332,68.33333333333333,49.333333333333336,26.0,8.666666666666666,4.0,33.333333333333336,65.66666666666667,1.0,9.0,0.0,4.0,4.116323468940876,4.31303376318693,4.31748811353631,4.3694478524670215,4.0943445622221,4.33510971488613,3.9951379121386528,4.199705077879927,3.963982744358857,4.272025739459553,4.110873864173311,3.0122615755052013,4.02535169073515,3.4339872044851463,2.9267394020670396,3.6018680771243066,2.662587827025453,0.0,4.204692619390966,3.6018680771243066,4.048882188145344,3.2188758248682006,3.8712010109078907,4.110873864173311,2.8716796248840124,4.3481250829982,3.6635616461296463,0.6931471805599453,1.0986122886681096,3.283414346005772,2.120263536200091,3.905334017277349,4.267363726353742,4.07753744390572,3.9186675481468147,0.0,4.214593690373678,4.308559482792009,2.8716796248840124,3.963982744358857,3.592735593561034,3.5263605246161616,4.330733340286331,1.2992829841302609,3.8985999850960056,3.912023005428146,3.455264602932431,2.4277482359480516,3.060270794691562,3.619886582626985,3.378724525810097,4.238925791033208,3.9186675481468147,3.295836866004329,2.268683541318364,1.6094379124341003,3.5361166995615263,4.199705077879927,0.6931471805599453,2.302585092994046,0.0,1.6094379124341003,1.0,4.6,1.3,1.6
2011Q3,75753.6,0.6,2.5,58.333333333333336,68.33333333333333,71.66666666666667,76.0,51.333333333333336,69.0,50.666666666666664,67.0,49.666666666666664,70.66666666666667,53.333333333333336,22.666666666666668,58.666666666666664,35.666666666666664,11.0,38.0,13.0,0.0,65.0,45.666666666666664,59.333333333333336,28.333333333333332,56.666666666666664,60.333333333333336,35.333333333333336,88.0,25.0,1.0,1.6666666666666667,24.0,8.666666666666666,45.333333333333336,71.33333333333333,57.666666666666664,54.666666666666664,0.0,55.333333333333336,86.66666666666667,25.0,49.666666666666664,38.666666666666664,33.666666666666664,82.33333333333333,2.6666666666666665,66.0,50.666666666666664,37.333333333333336,14.0,24.0,38.666666666666664,24.666666666666668,67.33333333333333,58.333333333333336,26.333333333333332,10.333333333333334,4.333333333333333,35.666666666666664,74.33333333333333,0.6666666666666666,10.666666666666666,0.0,4.0,4.083171261623976,4.238925791033208,4.28588277412098,4.343805421853684,3.9576335166801986,4.248495242049359,3.9448128282511368,4.219507705176107,3.9252682321781664,4.272025739459553,3.9951379121386528,3.164067588373206,4.088773517172645,3.6018680771243066,2.4849066497880004,3.6635616461296463,2.639057329615259,0.0,4.189654742026425,3.8430301339411947,4.099884742597716,3.378724525810097,4.054679305829669,4.116323468940876,3.592735593561034,4.48863636973214,3.258096538021482,0.6931471805599453,0.9808292530117262,3.2188758248682006,2.268683541318364,3.835861644462582,4.28128506487235,4.071871706370042,4.019381523748645,0.0,4.0312864262549635,4.473541743509655,3.258096538021482,3.9252682321781664,3.6805112044434196,3.545778610473263,4.422848629194137,1.2992829841302609,4.204692619390966,3.9448128282511368,3.6463198396951406,2.70805020110221,3.2188758248682006,3.6805112044434196,3.245193133185574,4.2243976904702984,4.083171261623976,3.3081069585961433,2.4277482359480516,1.6739764335716716,3.6018680771243066,4.321922710604176,0.5108256237659907,2.456735772821304,0.0,1.6094379124341003,0.0,3.1,1.2,2.4
2011Q4,76080.0,0.4,1.9,57.666666666666664,72.0,85.33333333333333,66.66666666666667,57.333333333333336,66.33333333333333,56.333333333333336,54.333333333333336,58.0,72.66666666666667,65.66666666666667,20.333333333333332,52.666666666666664,36.0,18.666666666666668,34.0,6.666666666666667,0.0,68.33333333333333,67.33333333333333,56.333333333333336,26.666666666666668,69.33333333333333,58.666666666666664,30.666666666666668,63.333333333333336,48.333333333333336,1.0,1.0,37.333333333333336,8.666666666666666,43.0,68.33333333333333,56.666666666666664,44.0,0.0,68.66666666666667,77.0,16.666666666666668,57.0,40.666666666666664,36.666666666666664,70.0,3.0,56.0,21.0,37.333333333333336,12.666666666666666,20.666666666666668,40.0,28.333333333333332,74.0,70.33333333333333,38.333333333333336,10.0,4.333333333333333,31.333333333333332,65.66666666666667,1.0,9.333333333333334,0.0,4.333333333333333,4.071871706370042,4.290459441148391,4.458215773031428,4.214593690373678,4.0661736852554045,4.209655408733095,4.048882188145344,4.013375499688434,4.07753744390572,4.299550412849643,4.199705077879927,3.060270794691562,3.982792076316353,3.6109179126442243,2.9789251552376097,3.5553480614894135,2.03688192726104,0.0,4.238925791033208,4.2243976904702984,4.048882188145344,3.3202283191284883,4.253245844807957,4.088773517172645,3.455264602932431,4.164077900236776,3.8985999850960056,0.6931471805599453,0.6931471805599453,3.6463198396951406,2.268683541318364,3.784189633918261,4.238925791033208,4.054679305829669,3.8066624897703196,0.0,4.243721963296702,4.356708826689592,2.8716796248840124,4.060443010546419,3.7297014486341915,3.628775530044231,4.2626798770413155,1.3862943611198906,4.04305126783455,3.091042453358316,3.6463198396951406,2.614959778036198,3.0757749812275277,3.713572066704308,3.378724525810097,4.31748811353631,4.267363726353742,3.672072335797555,2.3978952727983707,1.6739764335716716,3.4760986898352733,4.199705077879927,0.6931471805599453,2.3353749158170367,0.0,1.6739764335716716,0.6,2.5,1.0,3.2
2012Q1,76402.3,0.4,1.4,59.333333333333336,72.0,80.33333333333333,72.0,61.333333333333336,72.33333333333333,52.333333333333336,61.333333333333336,55.0,78.33333333333333,67.66666666666667,19.666666666666668,61.333333333333336,37.0,21.666666666666668,38.333333333333336,10.666666666666666,0.0,86.66666666666667,52.0,49.666666666666664,32.333333333333336,74.33333333333333,56.0,21.666666666666668,71.0,53.333333333333336,1.0,1.6666666666666667,28.0,11.333333333333334,48.0,65.0,59.0,50.666666666666664,0.0,80.33333333333333,75.33333333333333,14.0,74.66666666666667,38.333333333333336,36.666666666666664,84.33333333333333,3.0,56.666666666666664,51.666666666666664,37.666666666666664,14.333333333333334,25.0,37.666666666666664,31.333333333333332,81.0,74.0,27.666666666666668,12.0,3.6666666666666665,34.333333333333336,66.66666666666667,1.0,11.0,0.0,4.666666666666667,4.099884742597716,4.290459441148391,4.398555936625092,4.290459441148391,4.132496328186477,4.295015257684252,3.9765615265657175,4.132496328186477,4.02535169073515,4.373658385003365,4.229263880121471,3.028522096376982,4.132496328186477,3.6375861597263857,3.120895416507997,3.672072335797555,2.456735772821304,0.0,4.473541743509655,3.970291913552122,3.9252682321781664,3.506557897319982,4.321922710604176,4.04305126783455,3.120895416507997,4.276666119016055,3.9951379121386528,0.6931471805599453,0.9808292530117262,3.367295829986474,2.512305623976115,3.8918202981106265,4.189654742026425,4.0943445622221,3.9448128282511368,0.0,4.398555936625092,4.33510971488613,2.70805020110221,4.326337728813293,3.672072335797555,3.628775530044231,4.446565155811452,1.3862943611198906,4.054679305829669,3.963982744358857,3.654977902438255,2.7300291078209855,3.258096538021482,3.654977902438255,3.4760986898352733,4.406719247264253,4.31748811353631,3.355735007585398,2.5649493574615367,1.5404450409471488,3.5648268054439574,4.214593690373678,0.6931471805599453,2.4849066497880004,0.0,1.7346010553881064,0.4,1.9,1.0,4.6
2012Q2,76138.8,-0.3,1.1,62.333333333333336,69.33333333333333,74.66666666666667,70.66666666666667,56.666666666666664,72.33333333333333,45.666666666666664,61.0,54.333333333333336,67.66666666666667,58.666666666666664,16.666666666666668,57.0,30.666666666666668,21.333333333333332,38.333333333333336,13.0,0.0,67.66666666666667,46.0,45.333333333333336,24.333333333333332,61.333333333333336,61.333333333333336,20.666666666666668,74.33333333333333,41.333333333333336,1.6666666666666667,2.0,24.333333333333332,9.666666666666666,41.666666666666664,56.666666666666664,56.333333333333336,50.333333333333336,0.0,56.333333333333336,66.66666666666667,18.333333333333332,54.333333333333336,38.333333333333336,33.333333333333336,71.33333333333333,2.3333333333333335,53.666666666666664,63.666666666666664,35.666666666666664,14.0,26.666666666666668,37.666666666666664,30.0,67.0,64.33333333333333,24.666666666666668,10.333333333333334,3.3333333333333335,34.666666666666664,61.333333333333336,0.6666666666666666,12.333333333333334,1.0,3.3333333333333335,4.148411783492376,4.253245844807957,4.326337728813293,4.272025739459553,4.054679305829669,4.295015257684252,3.8430301339411947,4.127134385045092,4.013375499688434,4.229263880121471,4.088773517172645,2.8716796248840124,4.060443010546419,3.455264602932431,3.106080330722856,3.672072335797555,2.639057329615259,0.0,4.229263880121471,3.8501476017100584,3.835861644462582,3.2321210516182215,4.132496328186477,4.132496328186477,3.0757749812275277,4.321922710604176,3.7455747977904816,0.9808292530117262,1.0986122886681096,3.2321210516182215,2.367123614131617,3.7534179752515073,4.054679305829669,4.048882188145344,3.9383403137455195,0.0,4.048882188145344,4.214593690373678,2.9618307218783095,4.013375499688434,3.672072335797555,3.5361166995615263,4.28128506487235,1.2039728043259361,4.001254139156089,4.169245870395218,3.6018680771243066,2.70805020110221,3.3202283191284883,3.654977902438255,3.4339872044851463,4.219507705176107,4.179502370562408,3.245193133185574,2.4277482359480516,1.4663370687934272,3.574216545793796,4.132496328186477,0.5108256237659907,2.5902671654458267,0.6931471805599453,1.4663370687934272,0.4,1.4,0.0,3.1
2012Q3,76385.8,0.3,0.8,59.333333333333336,68.33333333333333,75.66666666666667,75.33333333333333,55.666666666666664,72.66666666666667,46.666666666666664,66.0,55.0,67.66666666666667,53.0,14.333333333333334,59.666666666666664,34.0,13.333333333333334,39.0,10.333333333333334,0.0,66.33333333333333,44.333333333333336,48.333333333333336,30.0,61.333333333333336,61.0,29.333333333333332,83.0,42.333333333333336,1.0,1.6666666666666667,20.0,11.666666666666666,51.666666666666664,68.66666666666667,70.66666666666667,54.333333333333336,0.0,47.333333333333336,70.33333333333333,18.0,51.666666666666664,41.333333333333336,34.666666666666664,79.33333333333333,2.0,76.66666666666667,54.333333333333336,42.0,18.0,33.666666666666664,38.666666666666664,27.0,65.66666666666667,63.666666666666664,19.0,12.333333333333334,3.3333333333333335,35.666666666666664,63.333333333333336,1.0,13.666666666666666,19.666666666666668,3.6666666666666665,4.099884742597716,4.238925791033208,4.339467020255086,4.33510971488613,4.037186148382152,4.299550412849643,3.8642323415917974,4.204692619390966,4.02535169073515,4.229263880121471,3.9889840465642745,2.7300291078209855,4.105394398408686,3.5553480614894135,2.662587827025453,3.6888794541139363,2.4277482359480516,0.0,4.209655408733095,3.8140425970679424,3.8985999850960056,3.4339872044851463,4.132496328186477,4.127134385045092,3.41224721784874,4.430816798843313,3.7689221617874726,0.6931471805599453,0.9808292530117262,3.044522437723423,2.538973871058276,3.963982744358857,4.243721963296702,4.272025739459553,4.013375499688434,0.0,3.8781214537524646,4.267363726353742,2.9444389791664403,3.963982744358857,3.7455747977904816,3.574216545793796,4.386184644822546,1.0986122886681096,4.352426164897591,4.013375499688434,3.7612001156935624,2.9444389791664403,3.545778610473263,3.6805112044434196,3.332204510175204,4.199705077879927,4.169245870395218,2.995732273553991,2.5902671654458267,1.4663370687934272,3.6018680771243066,4.164077900236776,0.6931471805599453,2.6855773452501515,3.028522096376982,1.5404450409471488,-0.3,1.1,0.6,2.5
2012Q4,75860.2,-0.7,-0.3,59.0,70.0,86.0,61.666666666666664,58.0,65.0,51.666666666666664,53.666666666666664,62.0,73.33333333333333,61.333333333333336,18.0,55.666666666666664,33.666666666666664,21.0,33.666666666666664,5.666666666666667,0.0,69.0,58.333333333333336,48.666666666666664,19.666666666666668,57.666666666666664,51.666666666666664,26.666666666666668,62.333333333333336,32.666666666666664,1.0,1.6666666666666667,24.333333333333332,10.333333333333334,47.333333333333336,69.0,64.66666666666667,44.0,0.0,55.666666666666664,68.0,14.333333333333334,62.0,42.0,37.333333333333336,67.66666666666667,3.0,55.0,19.666666666666668,38.0,15.666666666666666,28.333333333333332,37.333333333333336,30.0,66.33333333333333,59.0,24.666666666666668,12.0,3.6666666666666665,30.0,58.333333333333336,1.0,13.333333333333334,13.333333333333334,4.333333333333333,4.0943445622221,4.2626798770413155,4.465908118654584,4.137829674161839,4.07753744390572,4.189654742026425,3.963982744358857,4.001254139156089,4.143134726391533,4.308559482792009,4.132496328186477,2.9444389791664403,4.037186148382152,3.545778610473263,3.091042453358316,3.545778610473263,1.8971199848858813,0.0,4.248495242049359,4.083171261623976,3.905334017277349,3.028522096376982,4.071871706370042,3.963982744358857,3.3202283191284883,4.148411783492376,3.5165082281731497,0.6931471805599453,0.9808292530117262,3.2321210516182215,2.4277482359480516,3.8781214537524646,4.248495242049359,4.1845914400698785,3.8066624897703196,0.0,4.037186148382152,4.23410650459726,2.7300291078209855,4.143134726391533,3.7612001156935624,3.6463198396951406,4.229263880121471,1.3862943611198906,4.02535169073515,3.028522096376982,3.6635616461296463,2.8134107167600364,3.378724525810097,3.6463198396951406,3.4339872044851463,4.209655408733095,4.0943445622221,3.245193133185574,2.5649493574615367,1.5404450409471488,3.4339872044851463,4.083171261623976,0.6931471805599453,2.662587827025453,2.662587827025453,1.6739764335716716,0.3,0.8,0.4,1.9
2013Q1,75566.2,-0.4,-1.1,59.0,72.0,84.33333333333333,67.33333333333333,62.333333333333336,69.0,49.0,59.666666666666664,58.0,79.0,62.666666666666664,19.333333333333332,62.666666666666664,33.333333333333336,21.666666666666668,38.333333333333336,5.0,0.0,88.0,50.0,43.333333333333336,31.666666666666668,72.33333333333333,63.333333333333336,24.0,71.0,50.666666666666664,1.0,1.3333333333333333,21.666666666666668,10.666666666666666,58.0,64.66666666666667,64.33333333333333,52.666666666666664,0.0,68.0,73.0,10.0,72.66666666666667,39.666666666666664,37.333333333333336,80.66666666666667,3.6666666666666665,73.66666666666667,56.666666666666664,42.0,18.0,36.0,39.0,31.666666666666668,75.66666666666667,73.33333333333333,21.666666666666668,12.333333333333334,4.0,34.333333333333336,61.0,1.0,17.333333333333332,8.333333333333334,4.666666666666667,4.0943445622221,4.290459441148391,4.446565155811452,4.2243976904702984,4.148411783492376,4.248495242049359,3.912023005428146,4.105394398408686,4.07753744390572,4.382026634673881,4.15366113937852,3.0122615755052013,4.15366113937852,3.5361166995615263,3.120895416507997,3.672072335797555,1.791759469228055,0.0,4.48863636973214,3.9318256327243257,3.791736839553644,3.4863551900024623,4.295015257684252,4.164077900236776,3.2188758248682006,4.276666119016055,3.9448128282511368,0.6931471805599453,0.8472978603872036,3.120895416507997,2.456735772821304,4.07753744390572,4.1845914400698785,4.179502370562408,3.982792076316353,0.0,4.23410650459726,4.304065093204169,2.3978952727983707,4.299550412849643,3.7054087560651467,3.6463198396951406,4.402645921876617,1.5404450409471488,4.31303376318693,4.054679305829669,3.7612001156935624,2.9444389791664403,3.6109179126442243,3.6888794541139363,3.4863551900024623,4.339467020255086,4.308559482792009,3.120895416507997,2.5902671654458267,1.6094379124341003,3.5648268054439574,4.127134385045092,0.6931471805599453,2.908720896564361,2.2335922215070942,1.7346010553881064,-0.7,-0.3,0.4,1.4
2013Q2,75908.3,0.5,-0.3,60.0,69.33333333333333,77.66666666666667,70.0,58.666666666666664,71.0,44.333333333333336,58.333333333333336,55.666666666666664,70.0,56.666666666666664,16.0,59.666666666666664,32.333333333333336,24.0,39.333333333333336,6.333333333333333,0.0,73.0,40.0,44.666666666666664,30.333333333333332,61.666666666666664,59.0,25.0,71.66666666666667,35.666666666666664,1.6666666666666667,2.0,19.333333333333332,12.666666666666666,57.666666666666664,53.333333333333336,51.333333333333336,53.666666666666664,0.0,54.0,59.666666666666664,15.333333333333334,55.666666666666664,40.0,30.333333333333332,70.66666666666667,2.6666666666666665,58.0,59.0,39.333333333333336,18.0,40.0,32.666666666666664,32.0,61.666666666666664,64.33333333333333,19.333333333333332,14.0,3.0,35.0,57.666666666666664,1.0,19.666666666666668,6.0,3.6666666666666665,4.110873864173311,4.253245844807957,4.3652195163575005,4.2626798770413155,4.088773517172645,4.276666119016055,3.8140425970679424,4.083171261623976,4.037186148382152,4.2626798770413155,4.054679305829669,2.833213344056216,4.105394398408686,3.506557897319982,3.2188758248682006,3.6971782569286313,1.992430164690206,0.0,4.304065093204169,3.713572066704308,3.821368637160015,3.4446824936018943,4.137829674161839,4.0943445622221,3.258096538021482,4.28588277412098,3.6018680771243066,0.9808292530117262,1.0986122886681096,3.0122615755052013,2.614959778036198,4.071871706370042,3.9951379121386528,3.9576335166801986,4.001254139156089,0.0,4.007333185232471,4.105394398408686,2.793208009442517,4.037186148382152,3.713572066704308,3.4446824936018943,4.272025739459553,1.2992829841302609,4.07753744390572,4.0943445622221,3.6971782569286313,2.9444389791664403,3.713572066704308,3.5165082281731497,3.4965075614664802,4.137829674161839,4.179502370562408,3.0122615755052013,2.70805020110221,1.3862943611198906,3.58351893845611,4.071871706370042,0.6931471805599453,3.028522096376982,1.9459101490553132,1.5404450409471488,-0.4,-1.1,-0.3,1.1
2013Q3,76123.7,0.3,-0.3,57.333333333333336,63.333333333333336,78.0,69.66666666666667,55.0,67.66666666666667,41.0,66.66666666666667,56.333333333333336,67.0,48.666666666666664,18.333333333333332,63.666666666666664,34.666666666666664,14.666666666666666,45.0,7.0,0.0,69.0,43.333333333333336,47.666666666666664,36.666666666666664,64.33333333333333,55.0,23.333333333333332,83.0,35.0,1.0,2.0,15.0,10.333333333333334,64.33333333333333,60.0,49.0,54.0,0.0,50.333333333333336,65.33333333333333,10.333333333333334,55.333333333333336,44.0,29.333333333333332,87.0,3.0,69.0,61.666666666666664,45.666666666666664,20.333333333333332,46.0,30.0,29.0,61.0,66.66666666666667,15.0,13.0,3.3333333333333335,34.666666666666664,61.333333333333336,0.3333333333333333,20.0,6.666666666666667,4.666666666666667,4.0661736852554045,4.164077900236776,4.3694478524670215,4.257973986003903,4.02535169073515,4.229263880121471,3.7376696182833684,4.214593690373678,4.048882188145344,4.219507705176107,3.905334017277349,2.9618307218783095,4.169245870395218,3.574216545793796,2.751535313041949,3.828641396489095,2.0794415416798357,0.0,4.248495242049359,3.791736839553644,3.884994333040227,3.628775530044231,4.179502370562408,4.02535169073515,3.1918471524802814,4.430816798843313,3.58351893845611,0.6931471805599453,1.0986122886681096,2.772588722239781,2.4277482359480516,4.179502370562408,4.110873864173311,3.912023005428146,4.007333185232471,0.0,3.9383403137455195,4.194692536056382,2.4277482359480516,4.0312864262549635,3.8066624897703196,3.41224721784874,4.477336814478207,1.3862943611198906,4.248495242049359,4.137829674161839,3.8430301339411947,3.060270794691562,3.8501476017100584,3.4339872044851463,3.4011973816621555,4.127134385045092,4.214593690373678,2.772588722239781,2.639057329615259,1.4663370687934272,3.574216545793796,4.132496328186477,0.2876820724517809,3.044522437723423,2.03688192726104,1.7346010553881064,0.5,-0.3,0.3,0.8
2013Q4,76189.8,0.1,0.4,59.333333333333336,66.0,90.0,60.666666666666664,59.333333333333336,62.0,47.666666666666664,50.333333333333336,63.0,70.0,58.333333333333336,22.0,60.0,33.666666666666664,21.0,41.333333333333336,5.0,0.0,75.0,61.666666666666664,46.666666666666664,28.333333333333332,76.0,63.0,24.333333333333332,60.0,43.0,1.0,1.6666666666666667,26.333333333333332,7.0,56.666666666666664,63.666666666666664,43.666666666666664,48.666666666666664,0.0,58.333333333333336,65.66666666666667,8.666666666666666,70.0,47.0,39.0,81.66666666666667,6.0,59.333333333333336,29.0,46.333333333333336,20.666666666666668,39.0,36.666666666666664,31.333333333333332,65.33333333333333,74.66666666666667,24.333333333333332,10.666666666666666,4.666666666666667,32.666666666666664,58.0,0.6666666666666666,21.333333333333332,4.333333333333333,7.666666666666667,4.099884742597716,4.204692619390966,4.51085950651685,4.121743536410215,4.099884742597716,4.143134726391533,3.884994333040227,3.9383403137455195,4.1588830833596715,4.2626798770413155,4.083171261623976,3.1354942159291497,4.110873864173311,3.545778610473263,3.091042453358316,3.7455747977904816,1.791759469228055,0.0,4.330733340286331,4.137829674161839,3.8642323415917974,3.378724525810097,4.343805421853684,4.1588830833596715,3.2321210516182215,4.110873864173311,3.784189633918261,0.6931471805599453,0.9808292530117262,3.3081069585961433,2.0794415416798357,4.054679305829669,4.169245870395218,3.7992275112828016,3.905334017277349,0.0,4.083171261623976,4.199705077879927,2.268683541318364,4.2626798770413155,3.8712010109078907,3.6888794541139363,4.4148164574968725,1.9459101490553132,4.099884742597716,3.4011973816621555,3.857214768933151,3.0757749812275277,3.6888794541139363,3.628775530044231,3.4760986898352733,4.194692536056382,4.326337728813293,3.2321210516182215,2.456735772821304,1.7346010553881064,3.5165082281731497,4.07753744390572,0.5108256237659907,3.106080330722856,1.6739764335716716,2.1594842493533726,0.3,-0.3,-0.7,-0.3
2014Q1,76193.2,0.0,0.8,63.333333333333336,71.0,82.66666666666667,66.66666666666667,65.66666666666667,68.66666666666667,45.0,59.666666666666664,60.0,80.33333333333333,61.666666666666664,22.333333333333332,71.33333333333333,38.333333333333336,25.0,44.333333333333336,4.333333333333333,0.0,91.66666666666667,53.333333333333336,47.333333333333336,39.666666666666664,95.33333333333333,68.66666666666667,25.0,72.33333333333333,45.666666666666664,1.3333333333333333,2.3333333333333335,22.333333333333332,8.666666666666666,63.666666666666664,58.0,49.333333333333336,61.666666666666664,0.0,66.0,77.0,8.0,88.33333333333333,45.333333333333336,36.0,91.0,3.3333333333333335,71.0,65.0,45.0,26.666666666666668,47.333333333333336,38.666666666666664,35.666666666666664,80.0,93.0,22.0,13.333333333333334,4.333333333333333,38.333333333333336,72.0,0.6666666666666666,26.0,4.666666666666667,5.0,4.164077900236776,4.276666119016055,4.426840650463674,4.214593690373678,4.199705077879927,4.243721963296702,3.828641396489095,4.105394398408686,4.110873864173311,4.398555936625092,4.137829674161839,3.1498829533812494,4.28128506487235,3.672072335797555,3.258096538021482,3.8140425970679424,1.6739764335716716,0.0,4.529008825022528,3.9951379121386528,3.8781214537524646,3.7054087560651467,4.567814399444322,4.243721963296702,3.258096538021482,4.295015257684252,3.8430301339411947,0.8472978603872036,1.2039728043259361,3.1498829533812494,2.268683541318364,4.169245870395218,4.07753744390572,3.9186675481468147,4.137829674161839,0.0,4.204692619390966,4.356708826689592,2.1972245773362196,4.4923746918427465,3.835861644462582,3.6109179126442243,4.5217885770490405,1.4663370687934272,4.276666119016055,4.189654742026425,3.828641396489095,3.3202283191284883,3.8781214537524646,3.6805112044434196,3.6018680771243066,4.394449154672439,4.543294782270004,3.1354942159291497,2.662587827025453,1.6739764335716716,3.672072335797555,4.290459441148391,0.5108256237659907,3.295836866004329,1.7346010553881064,1.791759469228055,0.1,0.4,-0.4,-1.1
2014Q2,76571.0,0.5,0.9,63.666666666666664,68.33333333333333,80.33333333333333,67.66666666666667,60.666666666666664,68.0,40.333333333333336,57.0,61.0,69.0,52.333333333333336,18.666666666666668,67.0,33.0,23.0,43.666666666666664,5.666666666666667,0.0,76.33333333333333,44.666666666666664,46.0,33.666666666666664,85.33333333333333,59.666666666666664,20.666666666666668,73.0,51.333333333333336,2.0,2.6666666666666665,22.666666666666668,7.333333333333333,51.333333333333336,46.666666666666664,43.0,57.0,0.0,54.0,63.0,8.0,60.666666666666664,43.666666666666664,29.0,77.66666666666667,2.3333333333333335,43.0,70.33333333333333,45.333333333333336,25.0,48.333333333333336,33.0,33.333333333333336,63.666666666666664,84.33333333333333,20.666666666666668,11.0,5.0,36.0,56.333333333333336,0.3333333333333333,26.333333333333332,6.0,3.3333333333333335,4.169245870395218,4.238925791033208,4.398555936625092,4.229263880121471,4.121743536410215,4.23410650459726,3.721669276936927,4.060443010546419,4.127134385045092,4.248495242049359,3.9765615265657175,2.9789251552376097,4.219507705176107,3.5263605246161616,3.1780538303479458,3.7992275112828016,1.8971199848858813,0.0,4.3481250829982,3.821368637160015,3.8501476017100584,3.545778610473263,4.458215773031428,4.105394398408686,3.0757749812275277,4.304065093204169,3.9576335166801986,1.0986122886681096,1.2992829841302609,3.164067588373206,2.120263536200091,3.9576335166801986,3.8642323415917974,3.784189633918261,4.060443010546419,0.0,4.007333185232471,4.1588830833596715,2.1972245773362196,4.121743536410215,3.7992275112828016,3.4011973816621555,4.3652195163575005,1.2039728043259361,3.784189633918261,4.267363726353742,3.835861644462582,3.258096538021482,3.8985999850960056,3.5263605246161616,3.5361166995615263,4.169245870395218,4.446565155811452,3.0757749812275277,2.4849066497880004,1.791759469228055,3.6109179126442243,4.048882188145344,0.2876820724517809,3.3081069585961433,1.9459101490553132,1.4663370687934272,0.0,0.8,0.5,-0.3
2014Q3,76694.6,0.2,0.7,64.0,65.33333333333333,80.66666666666667,72.0,58.0,69.0,40.0,67.0,61.0,69.33333333333333,48.333333333333336,18.666666666666668,70.0,39.666666666666664,18.0,48.333333333333336,6.666666666666667,0.0,72.0,49.333333333333336,51.0,37.333333333333336,92.66666666666667,62.666666666666664,24.333333333333332,85.33333333333333,38.0,1.3333333333333333,2.0,16.0,7.0,44.333333333333336,55.333333333333336,42.666666666666664,58.666666666666664,0.0,48.666666666666664,73.33333333333333,8.666666666666666,59.0,48.333333333333336,31.666666666666668,82.0,2.3333333333333335,62.666666666666664,70.0,56.0,29.333333333333332,54.0,34.0,33.333333333333336,62.333333333333336,93.33333333333333,15.666666666666666,10.333333333333334,5.333333333333333,38.666666666666664,64.66666666666667,1.0,29.333333333333332,7.666666666666667,3.6666666666666665,4.174387269895637,4.194692536056382,4.402645921876617,4.290459441148391,4.07753744390572,4.248495242049359,3.713572066704308,4.219507705176107,4.127134385045092,4.253245844807957,3.8985999850960056,2.9789251552376097,4.2626798770413155,3.7054087560651467,2.9444389791664403,3.8985999850960056,2.03688192726104,0.0,4.290459441148391,3.9186675481468147,3.9512437185814275,3.6463198396951406,4.539742380665636,4.15366113937852,3.2321210516182215,4.458215773031428,3.6635616461296463,0.8472978603872036,1.0986122886681096,2.833213344056216,2.0794415416798357,3.8140425970679424,4.0312864262549635,3.7765850345330416,4.088773517172645,0.0,3.905334017277349,4.308559482792009,2.268683541318364,4.0943445622221,3.8985999850960056,3.4863551900024623,4.418840607796598,1.2039728043259361,4.15366113937852,4.2626798770413155,4.04305126783455,3.41224721784874,4.007333185232471,3.5553480614894135,3.5361166995615263,4.148411783492376,4.546834608975128,2.8134107167600364,2.4277482359480516,1.8458266904983307,3.6805112044434196,4.1845914400698785,0.6931471805599453,3.41224721784874,2.1594842493533726,1.5404450409471488,0.5,0.9,0.3,-0.3
2014Q4,77013.0,0.4,1.1,61.666666666666664,66.66666666666667,88.66666666666667,58.0,61.333333333333336,61.0,44.0,52.333333333333336,67.33333333333333,72.0,55.0,22.666666666666668,63.333333333333336,36.0,22.333333333333332,41.666666666666664,10.666666666666666,0.0,78.66666666666667,65.66666666666667,50.0,31.0,82.66666666666667,62.666666666666664,31.666666666666668,61.333333333333336,47.666666666666664,1.0,1.6666666666666667,23.666666666666668,8.0,39.0,59.333333333333336,42.333333333333336,54.0,0.0,54.333333333333336,67.33333333333333,22.333333333333332,74.0,49.666666666666664,34.333333333333336,74.33333333333333,3.0,60.0,30.0,51.333333333333336,26.666666666666668,44.666666666666664,35.333333333333336,37.0,63.333333333333336,84.0,23.666666666666668,10.666666666666666,6.666666666666667,36.0,62.0,1.0,26.666666666666668,7.333333333333333,4.0,4.137829674161839,4.214593690373678,4.496099090933729,4.07753744390572,4.132496328186477,4.127134385045092,3.8066624897703196,3.9765615265657175,4.2243976904702984,4.290459441148391,4.02535169073515,3.164067588373206,4.164077900236776,3.6109179126442243,3.1498829533812494,3.7534179752515073,2.456735772821304,0.0,4.377851263263401,4.199705077879927,3.9318256327243257,3.4657359027997265,4.426840650463674,4.15366113937852,3.4863551900024623,4.132496328186477,3.884994333040227,0.6931471805599453,0.9808292530117262,3.20545280453606,2.1972245773362196,3.6888794541139363,4.099884742597716,3.7689221617874726,4.007333185232471,0.0,4.013375499688434,4.2243976904702984,3.1498829533812494,4.31748811353631,3.9252682321781664,3.5648268054439574,4.321922710604176,1.3862943611198906,4.110873864173311,3.4339872044851463,3.9576335166801986,3.3202283191284883,3.821368637160015,3.592735593561034,3.6375861597263857,4.164077900236776,4.442651256490317,3.20545280453606,2.456735772821304,2.03688192726104,3.6109179126442243,4.143134726391533,0.6931471805599453,3.3202283191284883,2.120263536200091,1.6094379124341003,0.2,0.7,0.1,0.4
2015Q1,77035.5,0.0,1.1,65.0,71.0,84.66666666666667,66.66666666666667,67.33333333333333,66.33333333333333,42.333333333333336,60.666666666666664,63.666666666666664,82.33333333333333,60.0,25.666666666666668,68.66666666666667,40.0,26.0,50.666666666666664,11.333333333333334,0.0,91.0,52.0,47.666666666666664,44.666666666666664,98.66666666666667,60.666666666666664,33.666666666666664,73.33333333333333,62.0,2.0,2.6666666666666665,24.333333333333332,7.0,45.0,65.66666666666667,40.666666666666664,78.33333333333333,0.0,65.66666666666667,75.33333333333333,32.0,87.0,47.333333333333336,33.333333333333336,84.33333333333333,2.6666666666666665,66.0,67.66666666666667,52.333333333333336,34.666666666666664,49.666666666666664,40.666666666666664,39.666666666666664,76.33333333333333,96.66666666666667,22.333333333333332,10.0,7.333333333333333,46.0,72.0,0.6666666666666666,34.333333333333336,7.333333333333333,4.666666666666667,4.189654742026425,4.276666119016055,4.45046379622711,4.214593690373678,4.2243976904702984,4.209655408733095,3.7689221617874726,4.121743536410215,4.169245870395218,4.422848629194137,4.110873864173311,3.283414346005772,4.243721963296702,3.713572066704308,3.295836866004329,3.9448128282511368,2.512305623976115,0.0,4.5217885770490405,3.970291913552122,3.884994333040227,3.821368637160015,4.601831284722577,4.121743536410215,3.545778610473263,4.308559482792009,4.143134726391533,1.0986122886681096,1.2992829841302609,3.2321210516182215,2.0794415416798357,3.828641396489095,4.199705077879927,3.7297014486341915,4.373658385003365,0.0,4.199705077879927,4.33510971488613,3.4965075614664802,4.477336814478207,3.8781214537524646,3.5361166995615263,4.446565155811452,1.2992829841302609,4.204692619390966,4.229263880121471,3.9765615265657175,3.574216545793796,3.9252682321781664,3.7297014486341915,3.7054087560651467,4.3481250829982,4.581560320348958,3.1498829533812494,2.3978952727983707,2.120263536200091,3.8501476017100584,4.290459441148391,0.5108256237659907,3.5648268054439574,2.120263536200091,1.7346010553881064,0.4,1.1,0.0,0.8
2015Q2,77471.0,0.6,1.2,64.66666666666667,66.66666666666667,77.33333333333333,65.66666666666667,61.666666666666664,68.0,37.666666666666664,58.666666666666664,62.666666666666664,70.33333333333333,52.0,21.0,65.33333333333333,35.666666666666664,27.333333333333332,54.333333333333336,9.0,0.0,77.66666666666667,42.333333333333336,48.333333333333336,38.0,88.66666666666667,64.66666666666667,27.333333333333332,74.66666666666667,45.333333333333336,2.0,3.0,21.333333333333332,7.0,35.333333333333336,51.666666666666664,42.333333333333336,66.0,0.0,52.0,62.0,14.0,63.333333333333336,47.0,30.0,74.33333333333333,2.3333333333333335,58.333333333333336,71.0,52.333333333333336,34.333333333333336,50.333333333333336,33.666666666666664,39.333333333333336,62.333333333333336,88.0,20.0,9.666666666666666,7.0,42.0,59.666666666666664,0.0,33.0,5.333333333333333,3.3333333333333335,4.1845914400698785,4.214593690373678,4.360973225476049,4.199705077879927,4.137829674161839,4.23410650459726,3.654977902438255,4.088773517172645,4.15366113937852,4.267363726353742,3.970291913552122,3.091042453358316,4.194692536056382,3.6018680771243066,3.3440389678222067,4.013375499688434,2.302585092994046,0.0,4.3652195163575005,3.7689221617874726,3.8985999850960056,3.6635616461296463,4.496099090933729,4.1845914400698785,3.3440389678222067,4.326337728813293,3.835861644462582,1.0986122886681096,1.3862943611198906,3.106080330722856,2.0794415416798357,3.592735593561034,3.963982744358857,3.7689221617874726,4.204692619390966,0.0,3.970291913552122,4.143134726391533,2.70805020110221,4.164077900236776,3.8712010109078907,3.4339872044851463,4.321922710604176,1.2039728043259361,4.083171261623976,4.276666119016055,3.9765615265657175,3.5648268054439574,3.9383403137455195,3.545778610473263,3.6971782569286313,4.148411783492376,4.48863636973214,3.044522437723423,2.367123614131617,2.0794415416798357,3.7612001156935624,4.105394398408686,0.0,3.5263605246161616,1.8458266904983307,1.4663370687934272,0.0,1.1,0.5,0.9
2015Q3,77762.0,0.4,1.4,63.0,64.0,77.66666666666667,71.0,56.333333333333336,67.33333333333333,36.333333333333336,64.33333333333333,61.333333333333336,67.66666666666667,45.666666666666664,20.666666666666668,65.33333333333333,37.333333333333336,20.0,64.33333333333333,11.666666666666666,0.0,69.0,46.666666666666664,48.333333333333336,41.666666666666664,91.0,51.0,28.666666666666668,81.33333333333333,40.333333333333336,1.3333333333333333,2.0,14.666666666666666,7.333333333333333,36.666666666666664,62.0,40.333333333333336,65.0,0.0,43.0,61.666666666666664,20.666666666666668,58.333333333333336,50.0,28.666666666666668,75.0,2.0,68.33333333333333,63.0,57.333333333333336,34.666666666666664,54.333333333333336,30.333333333333332,34.0,56.0,89.0,14.0,10.333333333333334,8.333333333333334,40.666666666666664,60.666666666666664,0.0,36.333333333333336,5.0,3.0,4.1588830833596715,4.174387269895637,4.3652195163575005,4.276666119016055,4.048882188145344,4.2243976904702984,3.619886582626985,4.179502370562408,4.132496328186477,4.229263880121471,3.8430301339411947,3.0757749812275277,4.194692536056382,3.6463198396951406,3.044522437723423,4.179502370562408,2.538973871058276,0.0,4.248495242049359,3.8642323415917974,3.8985999850960056,3.7534179752515073,4.5217885770490405,3.9512437185814275,3.39002408106403,4.410776047959867,3.721669276936927,0.8472978603872036,1.0986122886681096,2.751535313041949,2.120263536200091,3.628775530044231,4.143134726391533,3.721669276936927,4.189654742026425,0.0,3.784189633918261,4.137829674161839,3.0757749812275277,4.083171261623976,3.9318256327243257,3.39002408106403,4.330733340286331,1.0986122886681096,4.238925791033208,4.1588830833596715,4.0661736852554045,3.574216545793796,4.013375499688434,3.4446824936018943,3.5553480614894135,4.04305126783455,4.499809670330265,2.70805020110221,2.4277482359480516,2.2335922215070942,3.7297014486341915,4.121743536410215,0.0,3.619886582626985,1.791759469228055,1.3862943611198906,0.6,1.2,0.2,0.7
2015Q4,78074.1,0.4,1.4,61.666666666666664,67.0,87.0,57.0,60.333333333333336,60.0,39.666666666666664,49.666666666666664,69.33333333333333,66.33333333333333,52.666666666666664,23.333333333333332,63.0,35.333333333333336,23.333333333333332,60.333333333333336,7.666666666666667,0.0,76.0,62.333333333333336,49.333333333333336,31.333333333333332,80.66666666666667,56.666666666666664,29.333333333333332,59.333333333333336,45.333333333333336,1.0,2.0,20.0,8.666666666666666,33.0,68.66666666666667,46.666666666666664,56.666666666666664,0.0,54.666666666666664,68.66666666666667,16.0,72.0,50.333333333333336,34.666666666666664,70.0,3.0,63.333333333333336,25.666666666666668,57.666666666666664,33.0,46.333333333333336,35.333333333333336,35.666666666666664,66.66666666666667,76.33333333333333,19.333333333333332,11.666666666666666,8.666666666666666,36.333333333333336,61.666666666666664,0.6666666666666666,32.333333333333336,3.6666666666666665,4.0,4.137829674161839,4.219507705176107,4.477336814478207,4.060443010546419,4.116323468940876,4.110873864173311,3.7054087560651467,3.9252682321781664,4.253245844807957,4.209655408733095,3.982792076316353,3.1918471524802814,4.1588830833596715,3.592735593561034,3.1918471524802814,4.116323468940876,2.1594842493533726,0.0,4.343805421853684,4.148411783492376,3.9186675481468147,3.4760986898352733,4.402645921876617,4.054679305829669,3.41224721784874,4.099884742597716,3.835861644462582,0.6931471805599453,1.0986122886681096,3.044522437723423,2.268683541318364,3.5263605246161616,4.243721963296702,3.8642323415917974,4.054679305829669,0.0,4.019381523748645,4.243721963296702,2.833213344056216,4.290459441148391,3.9383403137455195,3.574216545793796,4.2626798770413155,1.3862943611198906,4.164077900236776,3.283414346005772,4.071871706370042,3.5263605246161616,3.857214768933151,3.592735593561034,3.6018680771243066,4.214593690373678,4.3481250829982,3.0122615755052013,2.538973871058276,2.268683541318364,3.619886582626985,4.137829674161839,0.5108256237659907,3.506557897319982,1.5404450409471488,1.6094379124341003,0.4,1.4,0.4,1.1
2016Q1,78968.9,1.1,2.5,64.66666666666667,69.0,78.0,64.66666666666667,66.0,65.0,37.666666666666664,57.333333333333336,68.0,74.33333333333333,54.666666666666664,23.0,63.666666666666664,38.0,26.0,67.66666666666667,11.666666666666666,0.0,91.0,54.0,46.333333333333336,39.0,93.0,45.666666666666664,27.0,69.66666666666667,51.0,1.6666666666666667,2.0,19.0,8.333333333333334,31.666666666666668,61.666666666666664,41.0,74.66666666666667,0.0,59.666666666666664,70.33333333333333,28.666666666666668,91.66666666666667,51.0,33.333333333333336,77.66666666666667,3.0,62.0,55.666666666666664,58.0,42.0,58.333333333333336,36.333333333333336,39.0,71.66666666666667,86.33333333333333,18.666666666666668,10.666666666666666,5.666666666666667,43.666666666666664,69.0,0.6666666666666666,37.333333333333336,2.0,4.333333333333333,4.1845914400698785,4.248495242049359,4.3694478524670215,4.1845914400698785,4.204692619390966,4.189654742026425,3.654977902438255,4.0661736852554045,4.23410650459726,4.321922710604176,4.019381523748645,3.1780538303479458,4.169245870395218,3.6635616461296463,3.295836866004329,4.229263880121471,2.538973871058276,0.0,4.5217885770490405,4.007333185232471,3.857214768933151,3.6888794541139363,4.543294782270004,3.8430301339411947,3.332204510175204,4.257973986003903,3.9512437185814275,0.9808292530117262,1.0986122886681096,2.995732273553991,2.2335922215070942,3.4863551900024623,4.137829674161839,3.7376696182833684,4.326337728813293,0.0,4.105394398408686,4.267363726353742,3.39002408106403,4.529008825022528,3.9512437185814275,3.5361166995615263,4.3652195163575005,1.3862943611198906,4.143134726391533,4.037186148382152,4.07753744390572,3.7612001156935624,4.083171261623976,3.619886582626985,3.6888794541139363,4.28588277412098,4.4697322150929875,2.9789251552376097,2.456735772821304,1.8971199848858813,3.7992275112828016,4.248495242049359,0.5108256237659907,3.6463198396951406,1.0986122886681096,1.6739764335716716,0.4,1.4,0.0,1.1
2016Q2,78923.6,-0.1,1.9,66.66666666666667,65.33333333333333,74.0,63.333333333333336,60.333333333333336,64.66666666666667,34.0,54.0,62.333333333333336,65.33333333333333,50.0,19.666666666666668,58.666666666666664,35.666666666666664,21.666666666666668,66.66666666666667,8.0,0.0,73.33333333333333,47.666666666666664,46.0,39.0,78.0,45.333333333333336,23.333333333333332,71.0,56.0,2.0,3.0,17.666666666666668,7.0,28.666666666666668,40.333333333333336,35.666666666666664,68.0,0.0,51.0,58.0,14.666666666666666,68.33333333333333,51.666666666666664,26.666666666666668,66.66666666666667,2.0,62.333333333333336,58.0,56.0,40.666666666666664,59.0,29.666666666666668,34.333333333333336,58.333333333333336,73.33333333333333,17.0,9.333333333333334,4.0,41.666666666666664,55.666666666666664,1.0,36.0,1.0,3.0,4.214593690373678,4.194692536056382,4.31748811353631,4.164077900236776,4.116323468940876,4.1845914400698785,3.5553480614894135,4.007333185232471,4.148411783492376,4.194692536056382,3.9318256327243257,3.028522096376982,4.088773517172645,3.6018680771243066,3.120895416507997,4.214593690373678,2.1972245773362196,0.0,4.308559482792009,3.884994333040227,3.8501476017100584,3.6888794541139363,4.3694478524670215,3.835861644462582,3.1918471524802814,4.276666119016055,4.04305126783455,1.0986122886681096,1.3862943611198906,2.9267394020670396,2.0794415416798357,3.39002408106403,3.721669276936927,3.6018680771243066,4.23410650459726,0.0,3.9512437185814275,4.07753744390572,2.751535313041949,4.238925791033208,3.963982744358857,3.3202283191284883,4.214593690373678,1.0986122886681096,4.148411783492376,4.07753744390572,4.04305126783455,3.7297014486341915,4.0943445622221,3.4231762883809305,3.5648268054439574,4.083171261623976,4.308559482792009,2.8903717578961645,2.3353749158170367,1.6094379124341003,3.7534179752515073,4.037186148382152,0.6931471805599453,3.6109179126442243,0.6931471805599453,1.3862943611198906,1.1,2.5,0.6,1.2
2016Q3,79356.6,0.5,2.1,61.666666666666664,60.666666666666664,70.66666666666667,67.33333333333333,54.333333333333336,64.0,31.666666666666668,65.33333333333333,62.333333333333336,62.0,41.666666666666664,19.333333333333332,59.666666666666664,33.333333333333336,16.0,62.0,8.0,0.0,66.0,50.333333333333336,43.666666666666664,44.0,79.0,54.0,24.0,83.0,49.666666666666664,1.3333333333333333,2.0,12.666666666666666,7.333333333333333,27.0,55.0,41.333333333333336,67.0,0.0,39.333333333333336,59.666666666666664,12.666666666666666,56.333333333333336,55.666666666666664,25.333333333333332,67.0,2.0,66.0,63.0,66.66666666666667,42.333333333333336,63.666666666666664,27.0,31.0,53.333333333333336,74.33333333333333,12.0,9.333333333333334,6.0,43.666666666666664,55.666666666666664,0.6666666666666666,39.666666666666664,1.0,3.0,4.137829674161839,4.121743536410215,4.272025739459553,4.2243976904702984,4.013375499688434,4.174387269895637,3.4863551900024623,4.194692536056382,4.148411783492376,4.143134726391533,3.7534179752515073,3.0122615755052013,4.105394398408686,3.5361166995615263,2.833213344056216,4.143134726391533,2.1972245773362196,0.0,4.204692619390966,3.9383403137455195,3.7992275112828016,3.8066624897703196,4.382026634673881,4.007333185232471,3.2188758248682006,4.430816798843313,3.9252682321781664,0.8472978603872036,1.0986122886681096,2.614959778036198,2.120263536200091,3.332204510175204,4.02535169073515,3.7455747977904816,4.219507705176107,0.0,3.6971782569286313,4.105394398408686,2.614959778036198,4.048882188145344,4.037186148382152,3.270835563798912,4.219507705176107,1.0986122886681096,4.204692619390966,4.1588830833596715,4.214593690373678,3.7689221617874726,4.169245870395218,3.332204510175204,3.4657359027997265,3.9951379121386528,4.321922710604176,2.5649493574615367,2.3353749158170367,1.9459101490553132,3.7992275112828016,4.037186148382152,0.5108256237659907,3.7054087560651467,0.6931471805599453,1.3862943611198906,-0.1,1.9,0.4,1.4
2016Q4,79836.3,0.6,2.3,62.666666666666664,63.333333333333336,84.66666666666667,56.666666666666664,58.0,57.333333333333336,36.0,49.0,70.66666666666667,64.0,49.0,21.333333333333332,58.666666666666664,34.333333333333336,24.0,54.333333333333336,5.666666666666667,0.0,68.66666666666667,68.66666666666667,45.333333333333336,35.666666666666664,74.66666666666667,46.0,31.333333333333332,59.333333333333336,45.333333333333336,1.3333333333333333,2.0,20.333333333333332,7.333333333333333,23.333333333333332,58.666666666666664,40.666666666666664,63.666666666666664,0.0,45.333333333333336,64.33333333333333,13.666666666666666,70.33333333333333,55.666666666666664,28.666666666666668,62.333333333333336,3.0,58.666666666666664,28.666666666666668,66.66666666666667,40.666666666666664,53.0,29.333333333333332,34.666666666666664,54.333333333333336,76.66666666666667,20.333333333333332,14.333333333333334,58.666666666666664,38.0,63.0,0.6666666666666666,38.333333333333336,0.0,1.3333333333333333,4.15366113937852,4.164077900236776,4.45046379622711,4.054679305829669,4.07753744390572,4.0661736852554045,3.6109179126442243,3.912023005428146,4.272025739459553,4.174387269895637,3.912023005428146,3.106080330722856,4.088773517172645,3.5648268054439574,3.2188758248682006,4.013375499688434,1.8971199848858813,0.0,4.243721963296702,4.243721963296702,3.835861644462582,3.6018680771243066,4.326337728813293,3.8501476017100584,3.4760986898352733,4.099884742597716,3.835861644462582,0.8472978603872036,1.0986122886681096,3.060270794691562,2.120263536200091,3.1918471524802814,4.088773517172645,3.7297014486341915,4.169245870395218,0.0,3.835861644462582,4.179502370562408,2.6855773452501515,4.267363726353742,4.037186148382152,3.39002408106403,4.148411783492376,1.3862943611198906,4.088773517172645,3.39002408106403,4.214593690373678,3.7297014486341915,3.9889840465642745,3.41224721784874,3.574216545793796,4.013375499688434,4.352426164897591,3.060270794691562,2.7300291078209855,4.088773517172645,3.6635616461296463,4.1588830833596715,0.5108256237659907,3.672072335797555,0.0,0.8472978603872036,0.5,2.1,0.4,1.4
2017Q1,80622.4,1.0,2.1,66.33333333333333,66.0,75.33333333333333,64.66666666666667,64.66666666666667,64.33333333333333,35.333333333333336,58.0,65.33333333333333,70.33333333333333,51.666666666666664,23.666666666666668,62.333333333333336,36.666666666666664,21.666666666666668,70.66666666666667,6.333333333333333,0.0,83.33333333333333,51.666666666666664,46.0,51.0,85.33333333333333,55.333333333333336,25.333333333333332,71.0,68.66666666666667,2.0,2.6666666666666665,21.333333333333332,7.333333333333333,25.666666666666668,62.0,41.333333333333336,75.66666666666667,0.0,53.333333333333336,67.66666666666667,12.0,84.66666666666667,55.333333333333336,32.0,77.0,3.0,70.66666666666667,57.333333333333336,66.66666666666667,51.0,63.333333333333336,32.666666666666664,38.666666666666664,61.333333333333336,96.33333333333333,21.333333333333332,18.0,89.0,42.333333333333336,83.66666666666667,0.3333333333333333,46.333333333333336,0.0,0.0,4.209655408733095,4.204692619390966,4.33510971488613,4.1845914400698785,4.1845914400698785,4.179502370562408,3.592735593561034,4.07753744390572,4.194692536056382,4.267363726353742,3.963982744358857,3.20545280453606,4.148411783492376,3.628775530044231,3.120895416507997,4.272025739459553,1.992430164690206,0.0,4.43477720005941,3.963982744358857,3.8501476017100584,3.9512437185814275,4.458215773031428,4.0312864262549635,3.270835563798912,4.276666119016055,4.243721963296702,1.0986122886681096,1.2992829841302609,3.106080330722856,2.120263536200091,3.283414346005772,4.143134726391533,3.7455747977904816,4.339467020255086,0.0,3.9951379121386528,4.229263880121471,2.5649493574615367,4.45046379622711,4.0312864262549635,3.4965075614664802,4.356708826689592,1.3862943611198906,4.272025739459553,4.0661736852554045,4.214593690373678,3.9512437185814275,4.164077900236776,3.5165082281731497,3.6805112044434196,4.132496328186477,4.578141513600172,3.106080330722856,2.9444389791664403,4.499809670330265,3.7689221617874726,4.438721978350427,0.2876820724517809,3.857214768933151,0.0,0.0,0.6,2.3,1.1,2.5
2017Q2,80882.4,0.3,2.5,67.66666666666667,64.0,74.33333333333333,64.0,60.333333333333336,65.66666666666667,31.333333333333332,59.333333333333336,65.66666666666667,62.333333333333336,45.0,21.333333333333332,55.333333333333336,32.0,18.333333333333332,66.66666666666667,7.666666666666667,0.0,67.66666666666667,43.666666666666664,42.666666666666664,48.0,78.0,45.333333333333336,20.666666666666668,71.66666666666667,52.0,2.6666666666666665,3.0,18.333333333333332,6.333333333333333,21.333333333333332,46.0,34.333333333333336,73.0,0.0,41.0,60.0,13.333333333333334,58.333333333333336,55.0,26.333333333333332,63.333333333333336,2.0,65.0,68.33333333333333,60.333333333333336,47.333333333333336,62.666666666666664,31.0,33.0,52.666666666666664,87.33333333333333,17.666666666666668,15.0,68.33333333333333,40.333333333333336,70.0,0.3333333333333333,46.333333333333336,0.0,0.0,4.229263880121471,4.174387269895637,4.321922710604176,4.174387269895637,4.116323468940876,4.199705077879927,3.4760986898352733,4.099884742597716,4.199705077879927,4.148411783492376,3.828641396489095,3.106080330722856,4.0312864262549635,3.4965075614664802,2.9618307218783095,4.214593690373678,2.1594842493533726,0.0,4.229263880121471,3.7992275112828016,3.7765850345330416,3.8918202981106265,4.3694478524670215,3.835861644462582,3.0757749812275277,4.28588277412098,3.970291913552122,1.2992829841302609,1.3862943611198906,2.9618307218783095,1.992430164690206,3.106080330722856,3.8501476017100584,3.5648268054439574,4.304065093204169,0.0,3.7376696182833684,4.110873864173311,2.662587827025453,4.083171261623976,4.02535169073515,3.3081069585961433,4.164077900236776,1.0986122886681096,4.189654742026425,4.238925791033208,4.116323468940876,3.8781214537524646,4.15366113937852,3.4657359027997265,3.5263605246161616,3.982792076316353,4.481117537318113,2.9267394020670396,2.772588722239781,4.238925791033208,3.721669276936927,4.2626798770413155,0.2876820724517809,3.857214768933151,0.0,0.0,1.0,2.1,-0.1,1.9
2017Q3,81395.9,0.6,2.6,68.33333333333333,64.0,76.66666666666667,73.0,59.0,67.0,31.666666666666668,69.66666666666667,69.33333333333333,68.66666666666667,43.0,20.666666666666668,57.0,34.666666666666664,12.333333333333334,85.0,8.0,0.0,62.0,51.333333333333336,46.0,52.666666666666664,75.33333333333333,46.0,22.0,81.33333333333333,38.0,1.6666666666666667,2.0,14.0,7.0,23.333333333333332,53.666666666666664,33.666666666666664,77.66666666666667,0.0,38.666666666666664,62.333333333333336,12.0,53.333333333333336,60.0,24.0,64.0,2.0,64.0,64.33333333333333,70.66666666666667,49.0,64.33333333333333,32.333333333333336,30.666666666666668,48.0,85.66666666666667,13.333333333333334,15.666666666666666,80.0,41.666666666666664,78.33333333333333,0.0,51.666666666666664,17.0,0.0,4.238925791033208,4.174387269895637,4.352426164897591,4.304065093204169,4.0943445622221,4.219507705176107,3.4863551900024623,4.257973986003903,4.253245844807957,4.243721963296702,3.784189633918261,3.0757749812275277,4.060443010546419,3.574216545793796,2.5902671654458267,4.454347296253507,2.1972245773362196,0.0,4.143134726391533,3.9576335166801986,3.8501476017100584,3.982792076316353,4.33510971488613,3.8501476017100584,3.1354942159291497,4.410776047959867,3.6635616461296463,0.9808292530117262,1.0986122886681096,2.70805020110221,2.0794415416798357,3.1918471524802814,4.001254139156089,3.545778610473263,4.3652195163575005,0.0,3.6805112044434196,4.148411783492376,2.5649493574615367,3.9951379121386528,4.110873864173311,3.2188758248682006,4.174387269895637,1.0986122886681096,4.174387269895637,4.179502370562408,4.272025739459553,3.912023005428146,4.179502370562408,3.506557897319982,3.455264602932431,3.8918202981106265,4.4620693423474185,2.662587827025453,2.8134107167600364,4.394449154672439,3.7534179752515073,4.373658385003365,0.0,3.963982744358857,2.8903717578961645,0.0,0.3,2.5,0.5,2.1
2017Q4,81781.9,0.5,2.4,66.33333333333333,66.33333333333333,87.66666666666667,60.0,62.666666666666664,60.666666666666664,34.666666666666664,55.666666666666664,75.66666666666667,72.33333333333333,50.0,26.666666666666668,57.0,38.666666666666664,16.333333333333332,72.33333333333333,7.333333333333333,0.0,68.66666666666667,66.0,46.666666666666664,44.0,68.66666666666667,47.666666666666664,28.666666666666668,61.0,46.0,1.6666666666666667,2.3333333333333335,20.666666666666668,8.333333333333334,20.666666666666668,58.0,36.0,64.66666666666667,0.0,47.666666666666664,72.66666666666667,9.666666666666666,65.66666666666667,59.333333333333336,32.333333333333336,60.333333333333336,3.0,59.333333333333336,29.0,71.0,46.666666666666664,56.0,31.333333333333332,31.666666666666668,51.0,80.66666666666667,20.666666666666668,18.0,87.33333333333333,38.0,78.0,0.0,47.0,42.333333333333336,0.0,4.209655408733095,4.209655408733095,4.484884020113589,4.110873864173311,4.15366113937852,4.121743536410215,3.574216545793796,4.037186148382152,4.339467020255086,4.295015257684252,3.9318256327243257,3.3202283191284883,4.060443010546419,3.6805112044434196,2.8526314299133175,4.295015257684252,2.120263536200091,0.0,4.243721963296702,4.204692619390966,3.8642323415917974,3.8066624897703196,4.243721963296702,3.884994333040227,3.39002408106403,4.127134385045092,3.8501476017100584,0.9808292530117262,1.2039728043259361,3.0757749812275277,2.2335922215070942,3.0757749812275277,4.07753744390572,3.6109179126442243,4.1845914400698785,0.0,3.884994333040227,4.299550412849643,2.367123614131617,4.199705077879927,4.099884742597716,3.506557897319982,4.116323468940876,1.3862943611198906,4.099884742597716,3.4011973816621555,4.276666119016055,3.8642323415917974,4.04305126783455,3.4760986898352733,3.4863551900024623,3.9512437185814275,4.402645921876617,3.0757749812275277,2.9444389791664403,4.481117537318113,3.6635616461296463,4.3694478524670215,0.0,3.8712010109078907,3.7689221617874726,0.0,0.6,2.6,0.6,2.3
2018Q1,82249.0,0.6,2.0,70.66666666666667,70.0,82.33333333333333,69.0,70.33333333333333,65.66666666666667,34.666666666666664,63.666666666666664,73.0,76.0,54.333333333333336,28.333333333333332,60.666666666666664,43.0,17.0,84.33333333333333,7.0,0.0,76.66666666666667,51.666666666666664,45.0,60.333333333333336,77.0,47.666666666666664,23.0,73.66666666666667,51.333333333333336,2.0,2.6666666666666665,19.0,8.0,23.333333333333332,56.666666666666664,37.0,83.33333333333333,0.0,52.666666666666664,74.0,10.0,72.33333333333333,58.0,29.0,68.33333333333333,2.6666666666666665,68.33333333333333,61.333333333333336,68.0,57.666666666666664,66.66666666666667,32.0,33.333333333333336,58.333333333333336,88.66666666666667,19.666666666666668,16.0,90.66666666666667,45.0,81.33333333333333,0.3333333333333333,63.666666666666664,39.666666666666664,0.0,4.272025739459553,4.2626798770413155,4.422848629194137,4.248495242049359,4.267363726353742,4.199705077879927,3.574216545793796,4.169245870395218,4.304065093204169,4.343805421853684,4.013375499688434,3.378724525810097,4.121743536410215,3.784189633918261,2.8903717578961645,4.446565155811452,2.0794415416798357,0.0,4.352426164897591,3.963982744358857,3.828641396489095,4.116323468940876,4.356708826689592,3.884994333040227,3.1780538303479458,4.31303376318693,3.9576335166801986,1.0986122886681096,1.2992829841302609,2.995732273553991,2.1972245773362196,3.1918471524802814,4.054679305829669,3.6375861597263857,4.43477720005941,0.0,3.982792076316353,4.31748811353631,2.3978952727983707,4.295015257684252,4.07753744390572,3.4011973816621555,4.238925791033208,1.2992829841302609,4.238925791033208,4.132496328186477,4.23410650459726,4.071871706370042,4.214593690373678,3.4965075614664802,3.5361166995615263,4.083171261623976,4.496099090933729,3.028522096376982,2.833213344056216,4.518158808998462,3.828641396489095,4.410776047959867,0.2876820724517809,4.169245870395218,3.7054087560651467,0.0,0.5,2.4,1.0,2.1
2018Q2,82911.6,0.8,2.5,73.0,66.66666666666667,76.33333333333333,67.66666666666667,63.0,66.33333333333333,30.0,63.333333333333336,69.0,65.66666666666667,45.666666666666664,19.333333333333332,56.0,37.666666666666664,15.666666666666666,88.0,11.666666666666666,0.0,69.0,46.0,46.333333333333336,55.333333333333336,65.0,42.0,18.333333333333332,70.0,45.666666666666664,2.6666666666666665,3.3333333333333335,18.666666666666668,5.666666666666667,18.0,36.333333333333336,30.666666666666668,77.33333333333333,0.0,40.333333333333336,59.333333333333336,12.333333333333334,52.333333333333336,57.333333333333336,24.0,59.333333333333336,2.0,43.0,62.333333333333336,67.33333333333333,52.666666666666664,69.0,28.666666666666668,29.666666666666668,49.666666666666664,77.33333333333333,17.666666666666668,9.666666666666666,64.33333333333333,43.333333333333336,61.333333333333336,0.3333333333333333,60.666666666666664,33.666666666666664,0.0,4.304065093204169,4.214593690373678,4.3481250829982,4.229263880121471,4.1588830833596715,4.209655408733095,3.4339872044851463,4.164077900236776,4.248495242049359,4.199705077879927,3.8430301339411947,3.0122615755052013,4.04305126783455,3.654977902438255,2.8134107167600364,4.48863636973214,2.538973871058276,0.0,4.248495242049359,3.8501476017100584,3.857214768933151,4.0312864262549635,4.189654742026425,3.7612001156935624,2.9618307218783095,4.2626798770413155,3.8430301339411947,1.2992829841302609,1.4663370687934272,2.9789251552376097,1.8971199848858813,2.9444389791664403,3.619886582626985,3.455264602932431,4.360973225476049,0.0,3.721669276936927,4.099884742597716,2.5902671654458267,3.9765615265657175,4.0661736852554045,3.2188758248682006,4.099884742597716,1.0986122886681096,3.784189633918261,4.148411783492376,4.2243976904702984,3.982792076316353,4.248495242049359,3.39002408106403,3.4231762883809305,3.9252682321781664,4.360973225476049,2.9267394020670396,2.367123614131617,4.179502370562408,3.791736839553644,4.132496328186477,0.2876820724517809,4.121743536410215,3.545778610473263,0.0,0.6,2.0,0.3,2.5
2018Q3,83252.1,0.4,2.3,68.0,65.0,76.0,70.66666666666667,60.666666666666664,67.66666666666667,29.666666666666668,74.0,71.33333333333333,67.33333333333333,41.333333333333336,20.333333333333332,54.333333333333336,35.666666666666664,11.666666666666666,81.0,11.333333333333334,0.0,58.333333333333336,48.0,45.666666666666664,62.0,61.0,45.666666666666664,21.666666666666668,82.66666666666667,41.333333333333336,2.0,3.0,16.666666666666668,5.666666666666667,17.333333333333332,52.0,29.666666666666668,80.33333333333333,0.0,36.666666666666664,66.33333333333333,15.0,47.333333333333336,66.66666666666667,25.333333333333332,62.333333333333336,2.3333333333333335,55.0,65.33333333333333,71.66666666666667,56.0,69.33333333333333,24.666666666666668,27.0,43.666666666666664,66.66666666666667,15.666666666666666,8.0,42.333333333333336,43.666666666666664,69.66666666666667,0.0,62.666666666666664,36.666666666666664,0.0,4.23410650459726,4.189654742026425,4.343805421853684,4.272025739459553,4.121743536410215,4.229263880121471,3.4231762883809305,4.31748811353631,4.28128506487235,4.2243976904702984,3.7455747977904816,3.060270794691562,4.013375499688434,3.6018680771243066,2.538973871058276,4.406719247264253,2.512305623976115,0.0,4.083171261623976,3.8918202981106265,3.8430301339411947,4.143134726391533,4.127134385045092,3.8430301339411947,3.120895416507997,4.426840650463674,3.7455747977904816,1.0986122886681096,1.3862943611198906,2.8716796248840124,1.8971199848858813,2.908720896564361,3.970291913552122,3.4231762883809305,4.398555936625092,0.0,3.628775530044231,4.209655408733095,2.772588722239781,3.8781214537524646,4.214593690373678,3.270835563798912,4.148411783492376,1.2039728043259361,4.02535169073515,4.194692536056382,4.28588277412098,4.04305126783455,4.253245844807957,3.245193133185574,3.332204510175204,3.7992275112828016,4.214593690373678,2.8134107167600364,2.1972245773362196,3.7689221617874726,3.7992275112828016,4.257973986003903,0.0,4.15366113937852,3.628775530044231,0.0,0.8,2.5,0.6,2.6
2018Q4,84033.0,0.9,2.8,71.0,69.0,88.33333333333333,61.0,65.0,59.333333333333336,34.0,56.0,79.66666666666667,66.33333333333333,48.666666666666664,23.333333333333332,54.666666666666664,37.0,15.666666666666666,70.33333333333333,12.0,0.0,62.666666666666664,61.666666666666664,45.0,51.0,55.333333333333336,39.0,22.666666666666668,62.333333333333336,47.666666666666664,1.6666666666666667,2.6666666666666665,20.333333333333332,6.666666666666667,16.333333333333332,57.0,30.333333333333332,73.0,0.0,42.666666666666664,74.0,21.0,58.666666666666664,64.33333333333333,32.333333333333336,53.666666666666664,3.0,36.333333333333336,34.666666666666664,71.0,53.333333333333336,66.66666666666667,30.0,30.0,48.333333333333336,57.666666666666664,19.666666666666668,10.666666666666666,26.666666666666668,41.666666666666664,67.0,0.0,55.666666666666664,45.0,0.0,4.276666119016055,4.248495242049359,4.4923746918427465,4.127134385045092,4.189654742026425,4.099884742597716,3.5553480614894135,4.04305126783455,4.390325437488577,4.209655408733095,3.905334017277349,3.1918471524802814,4.019381523748645,3.6375861597263857,2.8134107167600364,4.267363726353742,2.5649493574615367,0.0,4.15366113937852,4.137829674161839,3.828641396489095,3.9512437185814275,4.0312864262549635,3.6888794541139363,3.164067588373206,4.148411783492376,3.884994333040227,0.9808292530117262,1.2992829841302609,3.060270794691562,2.03688192726104,2.8526314299133175,4.060443010546419,3.4446824936018943,4.304065093204169,0.0,3.7765850345330416,4.31748811353631,3.091042453358316,4.088773517172645,4.179502370562408,3.506557897319982,4.001254139156089,1.3862943611198906,3.619886582626985,3.574216545793796,4.276666119016055,3.9951379121386528,4.214593690373678,3.4339872044851463,3.4339872044851463,3.8985999850960056,4.071871706370042,3.028522096376982,2.456735772821304,3.3202283191284883,3.7534179752515073,4.219507705176107,0.0,4.037186148382152,3.828641396489095,0.0,0.4,2.3,0.5,2.4
2019Q1,84989.5,1.1,3.3,74.0,72.33333333333333,82.0,69.66666666666667,74.0,66.33333333333333,33.333333333333336,65.66666666666667,75.33333333333333,73.33333333333333,52.0,24.333333333333332,56.666666666666664,40.0,15.0,81.33333333333333,8.666666666666666,0.0,74.0,52.0,47.0,66.33333333333333,60.0,51.666666666666664,22.333333333333332,70.0,38.0,2.3333333333333335,4.0,19.333333333333332,7.0,18.333333333333332,52.333333333333336,35.0,89.0,0.0,47.0,78.33333333333333,14.333333333333334,68.0,62.333333333333336,30.666666666666668,62.333333333333336,2.6666666666666665,45.666666666666664,65.33333333333333,72.66666666666667,59.333333333333336,70.0,31.0,32.0,54.666666666666664,63.0,19.333333333333332,10.333333333333334,18.666666666666668,46.666666666666664,71.66666666666667,0.3333333333333333,73.0,43.333333333333336,3.6666666666666665,4.31748811353631,4.295015257684252,4.418840607796598,4.257973986003903,4.31748811353631,4.209655408733095,3.5361166995615263,4.199705077879927,4.33510971488613,4.308559482792009,3.970291913552122,3.2321210516182215,4.054679305829669,3.713572066704308,2.772588722239781,4.410776047959867,2.268683541318364,0.0,4.31748811353631,3.970291913552122,3.8712010109078907,4.209655408733095,4.110873864173311,3.963982744358857,3.1498829533812494,4.2626798770413155,3.6635616461296463,1.2039728043259361,1.6094379124341003,3.0122615755052013,2.0794415416798357,2.9618307218783095,3.9765615265657175,3.58351893845611,4.499809670330265,0.0,3.8712010109078907,4.373658385003365,2.7300291078209855,4.23410650459726,4.148411783492376,3.455264602932431,4.148411783492376,1.2992829841302609,3.8430301339411947,4.194692536056382,4.299550412849643,4.099884742597716,4.2626798770413155,3.4657359027997265,3.4965075614664802,4.019381523748645,4.1588830833596715,3.0122615755052013,2.4277482359480516,2.9789251552376097,3.8642323415917974,4.28588277412098,0.2876820724517809,4.304065093204169,3.791736839553644,1.5404450409471488,0.9,2.8,0.6,2.0
2019Q2,84462.7,-0.6,1.9,76.66666666666667,71.66666666666667,80.0,69.0,65.66666666666667,67.66666666666667,30.0,65.33333333333333,74.0,67.66666666666667,47.666666666666664,23.0,50.666666666666664,31.666666666666668,13.0,85.33333333333333,12.666666666666666,0.0,63.0,42.0,45.333333333333336,55.666666666666664,52.333333333333336,44.333333333333336,18.333333333333332,69.66666666666667,39.0,3.3333333333333335,4.0,16.666666666666668,6.0,15.0,45.333333333333336,27.666666666666668,83.0,0.0,42.0,54.0,17.666666666666668,47.666666666666664,62.666666666666664,24.0,55.333333333333336,2.0,33.666666666666664,70.33333333333333,67.66666666666667,55.666666666666664,67.66666666666667,25.666666666666668,27.333333333333332,50.333333333333336,53.333333333333336,16.666666666666668,8.666666666666666,13.333333333333334,46.333333333333336,52.666666666666664,0.6666666666666666,74.33333333333333,34.666666666666664,3.6666666666666665,4.352426164897591,4.28588277412098,4.394449154672439,4.248495242049359,4.199705077879927,4.229263880121471,3.4339872044851463,4.194692536056382,4.31748811353631,4.229263880121471,3.884994333040227,3.1780538303479458,3.9448128282511368,3.4863551900024623,2.639057329615259,4.458215773031428,2.614959778036198,0.0,4.1588830833596715,3.7612001156935624,3.835861644462582,4.037186148382152,3.9765615265657175,3.8140425970679424,2.9618307218783095,4.257973986003903,3.6888794541139363,1.4663370687934272,1.6094379124341003,2.8716796248840124,1.9459101490553132,2.772588722239781,3.835861644462582,3.355735007585398,4.430816798843313,0.0,3.7612001156935624,4.007333185232471,2.9267394020670396,3.884994333040227,4.15366113937852,3.2188758248682006,4.0312864262549635,1.0986122886681096,3.545778610473263,4.267363726353742,4.229263880121471,4.037186148382152,4.229263880121471,3.283414346005772,3.3440389678222067,3.9383403137455195,3.9951379121386528,2.8716796248840124,2.268683541318364,2.662587827025453,3.857214768933151,3.982792076316353,0.5108256237659907,4.321922710604176,3.574216545793796,1.5404450409471488,1.1,3.3,0.8,2.5
2019Q3,84598.5,0.2,1.6,71.33333333333333,68.33333333333333,78.0,71.33333333333333,63.0,68.33333333333333,30.0,77.0,77.33333333333333,69.33333333333333,42.333333333333336,24.0,53.333333333333336,32.333333333333336,9.333333333333334,93.0,13.666666666666666,0.0,55.666666666666664,47.0,44.333333333333336,62.0,50.333333333333336,39.0,26.0,82.66666666666667,38.0,2.0,2.6666666666666665,14.0,6.666666666666667,17.0,57.0,28.666666666666668,84.66666666666667,0.0,34.666666666666664,59.333333333333336,19.666666666666668,45.0,72.0,24.666666666666668,57.666666666666664,2.0,43.333333333333336,63.0,76.66666666666667,62.666666666666664,72.66666666666667,27.666666666666668,25.666666666666668,43.333333333333336,52.666666666666664,14.0,10.0,13.333333333333334,46.333333333333336,54.0,0.0,72.66666666666667,35.666666666666664,3.6666666666666665,4.28128506487235,4.238925791033208,4.3694478524670215,4.28128506487235,4.1588830833596715,4.238925791033208,3.4339872044851463,4.356708826689592,4.360973225476049,4.253245844807957,3.7689221617874726,3.2188758248682006,3.9951379121386528,3.506557897319982,2.3353749158170367,4.543294782270004,2.6855773452501515,0.0,4.037186148382152,3.8712010109078907,3.8140425970679424,4.143134726391533,3.9383403137455195,3.6888794541139363,3.295836866004329,4.426840650463674,3.6635616461296463,1.0986122886681096,1.2992829841302609,2.70805020110221,2.03688192726104,2.8903717578961645,4.060443010546419,3.39002408106403,4.45046379622711,0.0,3.574216545793796,4.099884742597716,3.028522096376982,3.828641396489095,4.290459441148391,3.245193133185574,4.071871706370042,1.0986122886681096,3.791736839553644,4.1588830833596715,4.352426164897591,4.15366113937852,4.299550412849643,3.355735007585398,3.283414346005772,3.791736839553644,3.982792076316353,2.70805020110221,2.3978952727983707,2.662587827025453,3.857214768933151,4.007333185232471,0.0,4.299550412849643,3.6018680771243066,1.5404450409471488,-0.6,1.9,0.4,2.3
2019Q4,84049.3,-0.6,0.0,71.0,69.0,92.33333333333333,61.666666666666664,68.33333333333333,58.666666666666664,34.0,57.333333333333336,83.33333333333333,63.666666666666664,48.0,25.666666666666668,55.333333333333336,32.333333333333336,13.333333333333334,83.66666666666667,8.666666666666666,0.0,60.0,65.66666666666667,47.666666666666664,51.333333333333336,43.666666666666664,48.0,36.333333333333336,61.666666666666664,50.0,2.0,2.6666666666666665,20.0,6.333333333333333,15.666666666666666,64.0,30.666666666666668,82.0,0.0,40.0,63.666666666666664,10.666666666666666,54.333333333333336,68.66666666666667,29.333333333333332,55.0,3.0,35.666666666666664,34.333333333333336,73.33333333333333,57.333333333333336,67.0,28.333333333333332,28.0,43.333333333333336,46.333333333333336,20.0,10.0,14.666666666666666,43.333333333333336,57.333333333333336,0.3333333333333333,69.66666666666667,41.0,4.666666666666667,4.276666119016055,4.248495242049359,4.53617731450114,4.137829674161839,4.238925791033208,4.088773517172645,3.5553480614894135,4.0661736852554045,4.43477720005941,4.169245870395218,3.8918202981106265,3.283414346005772,4.0312864262549635,3.506557897319982,2.662587827025453,4.438721978350427,2.268683541318364,0.0,4.110873864173311,4.199705077879927,3.884994333040227,3.9576335166801986,3.7992275112828016,3.8918202981106265,3.619886582626985,4.137829674161839,3.9318256327243257,1.0986122886681096,1.2992829841302609,3.044522437723423,1.992430164690206,2.8134107167600364,4.174387269895637,3.455264602932431,4.418840607796598,0.0,3.713572066704308,4.169245870395218,2.456735772821304,4.013375499688434,4.243721963296702,3.41224721784874,4.02535169073515,1.3862943611198906,3.6018680771243066,3.5648268054439574,4.308559482792009,4.0661736852554045,4.219507705176107,3.378724525810097,3.367295829986474,3.791736839553644,3.857214768933151,3.044522437723423,2.3978952727983707,2.751535313041949,3.791736839553644,4.0661736852554045,0.2876820724517809,4.257973986003903,3.7376696182833684,1.7346010553881064,0.2,1.6,0.9,2.8
2020Q1,83116.4,-1.1,-2.2,72.66666666666667,74.33333333333333,79.33333333333333,65.0,87.33333333333333,58.333333333333336,33.333333333333336,58.333333333333336,82.66666666666667,74.33333333333333,55.333333333333336,57.333333333333336,71.66666666666667,59.666666666666664,17.0,78.66666666666667,16.0,33.333333333333336,63.0,54.333333333333336,43.333333333333336,51.666666666666664,47.0,47.0,53.666666666666664,60.333333333333336,54.666666666666664,2.0,3.3333333333333335,23.666666666666668,6.666666666666667,17.333333333333332,45.0,29.333333333333332,92.0,33.333333333333336,43.666666666666664,66.33333333333333,47.333333333333336,56.333333333333336,56.666666666666664,29.333333333333332,54.333333333333336,2.6666666666666665,34.666666666666664,50.333333333333336,67.33333333333333,62.666666666666664,68.66666666666667,30.0,53.666666666666664,45.333333333333336,47.666666666666664,25.0,11.0,11.0,48.333333333333336,59.333333333333336,42.0,65.0,43.0,4.333333333333333,4.299550412849643,4.321922710604176,4.386184644822546,4.189654742026425,4.481117537318113,4.083171261623976,3.5361166995615263,4.083171261623976,4.426840650463674,4.321922710604176,4.0312864262549635,4.0661736852554045,4.28588277412098,4.105394398408686,2.8903717578961645,4.377851263263401,2.833213344056216,3.5361166995615263,4.1588830833596715,4.013375499688434,3.791736839553644,3.963982744358857,3.8712010109078907,3.8712010109078907,4.001254139156089,4.116323468940876,4.019381523748645,1.0986122886681096,1.4663370687934272,3.20545280453606,2.03688192726104,2.908720896564361,3.828641396489095,3.41224721784874,4.532599493153256,3.5361166995615263,3.7992275112828016,4.209655408733095,3.8781214537524646,4.048882188145344,4.054679305829669,3.41224721784874,4.013375499688434,1.2992829841302609,3.574216545793796,3.9383403137455195,4.2243976904702984,4.15366113937852,4.243721963296702,3.4339872044851463,4.001254139156089,3.835861644462582,3.884994333040227,3.258096538021482,2.4849066497880004,2.4849066497880004,3.8985999850960056,4.099884742597716,3.7612001156935624,4.189654742026425,3.784189633918261,1.6739764335716716,-0.6,0.0,1.1,3.3
2020Q2,72639.1,-12.6,-14.0,92.66666666666667,75.66666666666667,78.0,66.33333333333333,71.66666666666667,64.66666666666667,32.0,42.333333333333336,94.66666666666667,61.333333333333336,46.333333333333336,51.666666666666664,69.66666666666667,61.333333333333336,26.333333333333332,81.66666666666667,13.0,9.333333333333334,51.333333333333336,56.0,42.666666666666664,15.666666666666666,47.666666666666664,49.666666666666664,46.666666666666664,38.0,62.333333333333336,2.3333333333333335,4.0,29.333333333333332,9.0,15.0,10.333333333333334,33.333333333333336,88.66666666666667,34.666666666666664,38.333333333333336,78.0,43.0,40.333333333333336,43.666666666666664,24.333333333333332,46.333333333333336,2.0,24.666666666666668,18.666666666666668,72.0,73.0,79.0,29.0,64.66666666666667,38.666666666666664,49.333333333333336,29.333333333333332,16.666666666666668,2.6666666666666665,45.666666666666664,70.66666666666667,21.333333333333332,16.0,36.333333333333336,4.333333333333333,4.539742380665636,4.339467020255086,4.3694478524670215,4.209655408733095,4.28588277412098,4.1845914400698785,3.4965075614664802,3.7689221617874726,4.560869927091511,4.132496328186477,3.857214768933151,3.963982744358857,4.257973986003903,4.132496328186477,3.3081069585961433,4.4148164574968725,2.639057329615259,2.3353749158170367,3.9576335166801986,4.04305126783455,3.7765850345330416,2.8134107167600364,3.884994333040227,3.9252682321781664,3.8642323415917974,3.6635616461296463,4.148411783492376,1.2039728043259361,1.6094379124341003,3.41224721784874,2.302585092994046,2.772588722239781,2.4277482359480516,3.5361166995615263,4.496099090933729,3.574216545793796,3.672072335797555,4.3694478524670215,3.784189633918261,3.721669276936927,3.7992275112828016,3.2321210516182215,3.857214768933151,1.0986122886681096,3.245193133185574,2.9789251552376097,4.290459441148391,4.304065093204169,4.382026634673881,3.4011973816621555,4.1845914400698785,3.6805112044434196,3.9186675481468147,3.41224721784874,2.8716796248840124,1.2992829841302609,3.8430301339411947,4.272025739459553,3.106080330722856,2.833213344056216,3.619886582626985,1.6739764335716716,-1.1,-2.2,-0.6,1.9
2020Q3,80989.9,11.5,-4.3,78.0,72.0,77.33333333333333,77.66666666666667,68.33333333333333,68.0,30.333333333333332,63.0,83.33333333333333,60.0,42.666666666666664,37.0,67.33333333333333,47.333333333333336,13.0,93.33333333333333,9.666666666666666,2.6666666666666665,55.0,50.0,47.666666666666664,19.666666666666668,50.666666666666664,49.0,39.333333333333336,67.66666666666667,47.333333333333336,2.0,4.333333333333333,20.0,6.333333333333333,16.0,26.0,27.0,82.33333333333333,10.666666666666666,36.333333333333336,72.66666666666667,12.333333333333334,45.0,80.33333333333333,29.666666666666668,55.333333333333336,2.0,35.666666666666664,23.333333333333332,90.33333333333333,79.33333333333333,79.66666666666667,23.0,47.0,41.333333333333336,52.0,19.666666666666668,12.666666666666666,3.6666666666666665,42.333333333333336,63.333333333333336,10.0,27.0,39.333333333333336,3.3333333333333335,4.3694478524670215,4.290459441148391,4.360973225476049,4.3652195163575005,4.238925791033208,4.23410650459726,3.4446824936018943,4.1588830833596715,4.43477720005941,4.110873864173311,3.7765850345330416,3.6375861597263857,4.2243976904702984,3.8781214537524646,2.639057329615259,4.546834608975128,2.367123614131617,1.2992829841302609,4.02535169073515,3.9318256327243257,3.884994333040227,3.028522096376982,3.9448128282511368,3.912023005428146,3.6971782569286313,4.229263880121471,3.8781214537524646,1.0986122886681096,1.6739764335716716,3.044522437723423,1.992430164690206,2.833213344056216,3.295836866004329,3.332204510175204,4.422848629194137,2.456735772821304,3.619886582626985,4.299550412849643,2.5902671654458267,3.828641396489095,4.398555936625092,3.4231762883809305,4.0312864262549635,1.0986122886681096,3.6018680771243066,3.1918471524802814,4.5145158177199605,4.386184644822546,4.390325437488577,3.1780538303479458,3.8712010109078907,3.7455747977904816,3.970291913552122,3.028522096376982,2.614959778036198,1.5404450409471488,3.7689221617874726,4.164077900236776,2.3978952727983707,3.332204510175204,3.6971782569286313,1.4663370687934272,-12.6,-14.0,0.2,1.6
2020Q4,79788.6,-1.5,-5.1,80.0,73.33333333333333,85.66666666666667,64.0,70.33333333333333,55.0,34.666666666666664,35.0,90.33333333333333,61.333333333333336,47.0,45.0,63.0,42.0,16.0,81.66666666666667,6.0,0.0,52.666666666666664,88.33333333333333,47.333333333333336,14.666666666666666,43.333333333333336,51.666666666666664,45.666666666666664,25.666666666666668,53.333333333333336,4.0,9.0,25.666666666666668,4.333333333333333,12.0,12.0,21.0,72.0,10.0,40.333333333333336,72.66666666666667,11.0,45.0,36.333333333333336,29.0,43.333333333333336,2.6666666666666665,29.666666666666668,9.0,81.33333333333333,66.66666666666667,64.33333333333333,24.666666666666668,44.333333333333336,44.333333333333336,45.0,23.333333333333332,9.333333333333334,2.0,37.666666666666664,66.33333333333333,15.333333333333334,16.333333333333332,22.666666666666668,4.0,4.394449154672439,4.308559482792009,4.4620693423474185,4.174387269895637,4.267363726353742,4.02535169073515,3.574216545793796,3.58351893845611,4.5145158177199605,4.132496328186477,3.8712010109078907,3.828641396489095,4.1588830833596715,3.7612001156935624,2.833213344056216,4.4148164574968725,1.9459101490553132,0.0,3.982792076316353,4.4923746918427465,3.8781214537524646,2.751535313041949,3.791736839553644,3.963982744358857,3.8430301339411947,3.283414346005772,3.9951379121386528,1.6094379124341003,2.302585092994046,3.283414346005772,1.6739764335716716,2.5649493574615367,2.5649493574615367,3.091042453358316,4.290459441148391,2.3978952727983707,3.721669276936927,4.299550412849643,2.4849066497880004,3.828641396489095,3.619886582626985,3.4011973816621555,3.791736839553644,1.2992829841302609,3.4231762883809305,2.302585092994046,4.410776047959867,4.214593690373678,4.179502370562408,3.245193133185574,3.8140425970679424,3.8140425970679424,3.828641396489095,3.1918471524802814,2.3353749158170367,1.0986122886681096,3.654977902438255,4.209655408733095,2.793208009442517,2.8526314299133175,3.164067588373206,1.6094379124341003,11.5,-4.3,-0.6,0.0
2021Q1,79012.0,-1.0,-4.9,84.66666666666667,77.66666666666667,80.66666666666667,65.66666666666667,80.66666666666667,61.0,33.0,37.333333333333336,83.33333333333333,71.66666666666667,49.333333333333336,64.66666666666667,68.33333333333333,44.0,16.666666666666668,97.33333333333333,7.333333333333333,3.0,62.666666666666664,70.0,50.0,15.0,50.0,64.66666666666667,46.333333333333336,21.333333333333332,65.0,21.333333333333332,42.0,35.0,5.0,14.0,3.0,24.0,84.33333333333333,8.666666666666666,46.333333333333336,86.33333333333333,14.666666666666666,60.333333333333336,24.333333333333332,33.333333333333336,51.0,3.0,27.666666666666668,14.666666666666666,80.66666666666667,93.66666666666667,80.0,30.333333333333332,44.0,51.666666666666664,51.333333333333336,31.0,11.666666666666666,2.0,44.333333333333336,79.0,18.333333333333332,15.0,12.333333333333334,5.0,4.45046379622711,4.3652195163575005,4.402645921876617,4.199705077879927,4.402645921876617,4.127134385045092,3.5263605246161616,3.6463198396951406,4.43477720005941,4.28588277412098,3.9186675481468147,4.1845914400698785,4.238925791033208,3.8066624897703196,2.8716796248840124,4.58836306767171,2.120263536200091,1.3862943611198906,4.15366113937852,4.2626798770413155,3.9318256327243257,2.772588722239781,3.9318256327243257,4.1845914400698785,3.857214768933151,3.106080330722856,4.189654742026425,3.106080330722856,3.7612001156935624,3.58351893845611,1.791759469228055,2.70805020110221,1.3862943611198906,3.2188758248682006,4.446565155811452,2.268683541318364,3.857214768933151,4.4697322150929875,2.751535313041949,4.116323468940876,3.2321210516182215,3.5361166995615263,3.9512437185814275,1.3862943611198906,3.355735007585398,2.751535313041949,4.402645921876617,4.550361949493096,4.394449154672439,3.4446824936018943,3.8066624897703196,3.963982744358857,3.9576335166801986,3.4657359027997265,2.538973871058276,1.0986122886681096,3.8140425970679424,4.382026634673881,2.9618307218783095,2.772588722239781,2.5902671654458267,1.791759469228055,-1.5,-5.1,-1.1,-2.2
2021Q2,82652.5,4.6,13.8,87.0,71.66666666666667,75.0,71.33333333333333,78.66666666666667,62.666666666666664,29.666666666666668,50.0,82.66666666666667,65.33333333333333,44.666666666666664,40.333333333333336,61.0,34.333333333333336,13.0,95.33333333333333,9.333333333333334,0.0,52.333333333333336,49.666666666666664,44.666666666666664,43.666666666666664,44.333333333333336,47.666666666666664,33.0,49.666666666666664,49.333333333333336,34.333333333333336,59.666666666666664,31.0,3.6666666666666665,13.0,11.0,17.0,72.33333333333333,6.0,39.0,60.666666666666664,12.333333333333334,45.333333333333336,49.0,27.666666666666668,48.333333333333336,2.0,28.333333333333332,47.666666666666664,74.0,78.66666666666667,80.33333333333333,25.666666666666668,30.0,43.666666666666664,45.666666666666664,28.666666666666668,8.0,3.6666666666666665,38.666666666666664,59.666666666666664,12.333333333333334,33.333333333333336,1.3333333333333333,4.0,4.477336814478207,4.28588277412098,4.330733340286331,4.28128506487235,4.377851263263401,4.15366113937852,3.4231762883809305,3.9318256327243257,4.426840650463674,4.194692536056382,3.821368637160015,3.721669276936927,4.127134385045092,3.5648268054439574,2.639057329615259,4.567814399444322,2.3353749158170367,0.0,3.9765615265657175,3.9252682321781664,3.821368637160015,3.7992275112828016,3.8140425970679424,3.884994333040227,3.5263605246161616,3.9252682321781664,3.9186675481468147,3.5648268054439574,4.105394398408686,3.4657359027997265,1.5404450409471488,2.639057329615259,2.4849066497880004,2.8903717578961645,4.295015257684252,1.9459101490553132,3.6888794541139363,4.121743536410215,2.5902671654458267,3.835861644462582,3.912023005428146,3.355735007585398,3.8985999850960056,1.0986122886681096,3.378724525810097,3.884994333040227,4.31748811353631,4.377851263263401,4.398555936625092,3.283414346005772,3.4339872044851463,3.7992275112828016,3.8430301339411947,3.39002408106403,2.1972245773362196,1.5404450409471488,3.6805112044434196,4.105394398408686,2.5902671654458267,3.5361166995615263,0.8472978603872036,1.6094379124341003,-1.0,-4.9,-12.6,-14.0
2021Q3,85244.8,3.1,5.3,68.66666666666667,66.0,76.0,75.33333333333333,68.66666666666667,59.0,26.333333333333332,69.33333333333333,78.0,58.0,39.666666666666664,36.333333333333336,56.333333333333336,33.666666666666664,8.0,91.66666666666667,13.0,0.0,45.666666666666664,48.333333333333336,40.666666666666664,55.333333333333336,43.0,43.0,27.666666666666668,83.0,40.0,23.666666666666668,36.0,28.666666666666668,4.0,12.333333333333334,43.666666666666664,16.333333333333332,71.0,2.3333333333333335,33.0,51.666666666666664,13.0,41.0,87.66666666666667,27.333333333333332,51.666666666666664,3.0,33.666666666666664,45.666666666666664,77.0,70.33333333333333,83.0,18.666666666666668,27.333333333333332,41.0,44.333333333333336,27.0,7.333333333333333,10.333333333333334,39.0,47.0,9.0,41.333333333333336,18.0,4.666666666666667,4.243721963296702,4.204692619390966,4.343805421853684,4.33510971488613,4.243721963296702,4.0943445622221,3.3081069585961433,4.253245844807957,4.3694478524670215,4.07753744390572,3.7054087560651467,3.619886582626985,4.048882188145344,3.545778610473263,2.1972245773362196,4.529008825022528,2.639057329615259,0.0,3.8430301339411947,3.8985999850960056,3.7297014486341915,4.0312864262549635,3.784189633918261,3.784189633918261,3.355735007585398,4.430816798843313,3.713572066704308,3.20545280453606,3.6109179126442243,3.39002408106403,1.6094379124341003,2.5902671654458267,3.7992275112828016,2.8526314299133175,4.276666119016055,1.2039728043259361,3.5263605246161616,3.963982744358857,2.639057329615259,3.7376696182833684,4.484884020113589,3.3440389678222067,3.963982744358857,1.3862943611198906,3.545778610473263,3.8430301339411947,4.356708826689592,4.267363726353742,4.430816798843313,2.9789251552376097,3.3440389678222067,3.7376696182833684,3.8140425970679424,3.332204510175204,2.120263536200091,2.4277482359480516,3.6888794541139363,3.8712010109078907,2.302585092994046,3.7455747977904816,2.9444389791664403,1.7346010553881064,4.6,13.8,11.5,-4.3
2021Q4,85473.6,0.3,7.1,72.0,68.0,84.66666666666667,66.33333333333333,78.33333333333333,52.333333333333336,30.666666666666668,44.666666666666664,82.0,61.666666666666664,42.666666666666664,41.0,54.0,31.0,11.666666666666666,78.0,12.666666666666666,0.0,46.666666666666664,61.0,47.666666666666664,42.0,35.666666666666664,48.666666666666664,41.333333333333336,44.333333333333336,48.666666666666664,59.0,62.666666666666664,49.0,3.6666666666666665,10.0,33.666666666666664,19.0,62.666666666666664,4.666666666666667,42.0,53.0,15.666666666666666,48.0,59.333333333333336,28.333333333333332,45.0,7.0,19.333333333333332,21.0,76.0,67.66666666666667,71.66666666666667,23.666666666666668,28.0,44.666666666666664,36.666666666666664,46.0,8.666666666666666,8.0,38.666666666666664,48.666666666666664,16.666666666666668,37.666666666666664,42.333333333333336,10.0,4.290459441148391,4.23410650459726,4.45046379622711,4.209655408733095,4.373658385003365,3.9765615265657175,3.455264602932431,3.821368637160015,4.418840607796598,4.137829674161839,3.7765850345330416,3.7376696182833684,4.007333185232471,3.4657359027997265,2.538973871058276,4.3694478524670215,2.614959778036198,0.0,3.8642323415917974,4.127134385045092,3.884994333040227,3.7612001156935624,3.6018680771243066,3.905334017277349,3.7455747977904816,3.8140425970679424,3.905334017277349,4.0943445622221,4.15366113937852,3.912023005428146,1.5404450409471488,2.3978952727983707,3.545778610473263,2.995732273553991,4.15366113937852,1.7346010553881064,3.7612001156935624,3.9889840465642745,2.8134107167600364,3.8918202981106265,4.099884742597716,3.378724525810097,3.828641396489095,2.0794415416798357,3.0122615755052013,3.091042453358316,4.343805421853684,4.229263880121471,4.28588277412098,3.20545280453606,3.367295829986474,3.821368637160015,3.628775530044231,3.8501476017100584,2.268683541318364,2.1972245773362196,3.6805112044434196,3.905334017277349,2.8716796248840124,3.654977902438255,3.7689221617874726,2.3978952727983707,3.1,5.3,-1.5,-5.1
2022Q1,85737.6,0.3,8.5,75.0,74.66666666666667,73.33333333333333,63.666666666666664,76.66666666666667,55.333333333333336,33.0,51.666666666666664,78.33333333333333,66.66666666666667,46.333333333333336,51.666666666666664,55.333333333333336,35.0,13.333333333333334,90.33333333333333,43.333333333333336,2.3333333333333335,61.666666666666664,55.666666666666664,50.333333333333336,75.66666666666667,37.666666666666664,54.333333333333336,55.333333333333336,59.0,65.66666666666667,19.333333333333332,24.333333333333332,71.33333333333333,4.0,12.666666666666666,35.666666666666664,18.333333333333332,86.0,3.3333333333333335,47.666666666666664,66.0,39.666666666666664,71.66666666666667,65.0,28.0,53.333333333333336,14.0,30.333333333333332,53.0,84.33333333333333,84.0,83.33333333333333,32.666666666666664,35.0,56.666666666666664,40.666666666666664,65.0,8.666666666666666,8.0,47.0,60.0,13.333333333333334,58.0,41.666666666666664,18.0,4.330733340286331,4.326337728813293,4.308559482792009,4.169245870395218,4.352426164897591,4.0312864262549635,3.5263605246161616,3.963982744358857,4.373658385003365,4.214593690373678,3.857214768933151,3.963982744358857,4.0312864262549635,3.58351893845611,2.662587827025453,4.5145158177199605,3.791736839553644,1.2039728043259361,4.137829674161839,4.037186148382152,3.9383403137455195,4.339467020255086,3.654977902438255,4.013375499688434,4.0312864262549635,4.0943445622221,4.199705077879927,3.0122615755052013,3.2321210516182215,4.28128506487235,1.6094379124341003,2.614959778036198,3.6018680771243066,2.9618307218783095,4.465908118654584,1.4663370687934272,3.884994333040227,4.204692619390966,3.7054087560651467,4.28588277412098,4.189654742026425,3.367295829986474,3.9951379121386528,2.70805020110221,3.4446824936018943,3.9889840465642745,4.446565155811452,4.442651256490317,4.43477720005941,3.5165082281731497,3.58351893845611,4.054679305829669,3.7297014486341915,4.189654742026425,2.268683541318364,2.1972245773362196,3.8712010109078907,4.110873864173311,2.662587827025453,4.07753744390572,3.7534179752515073,2.9444389791664403,0.3,7.1,-1.0,-4.9
2022Q2,88239.4,2.9,6.8,72.0,67.33333333333333,71.33333333333333,59.666666666666664,67.66666666666667,56.333333333333336,26.333333333333332,59.0,74.0,57.333333333333336,39.666666666666664,33.0,52.666666666666664,32.666666666666664,11.333333333333334,78.66666666666667,36.666666666666664,0.0,51.666666666666664,43.0,45.0,95.33333333333333,31.666666666666668,51.333333333333336,43.333333333333336,71.0,56.666666666666664,6.0,9.666666666666666,94.0,4.333333333333333,11.0,35.333333333333336,20.666666666666668,83.66666666666667,2.0,37.0,48.0,41.0,47.666666666666664,77.66666666666667,22.666666666666668,46.333333333333336,13.666666666666666,30.0,71.0,79.0,71.66666666666667,81.66666666666667,36.0,29.666666666666668,44.0,35.333333333333336,88.0,9.0,5.333333333333333,45.666666666666664,47.333333333333336,5.666666666666667,72.66666666666667,33.666666666666664,16.666666666666668,4.290459441148391,4.2243976904702984,4.28128506487235,4.105394398408686,4.229263880121471,4.048882188145344,3.3081069585961433,4.0943445622221,4.31748811353631,4.0661736852554045,3.7054087560651467,3.5263605246161616,3.982792076316353,3.5165082281731497,2.512305623976115,4.377851263263401,3.628775530044231,0.0,3.963982744358857,3.784189633918261,3.828641396489095,4.567814399444322,3.4863551900024623,3.9576335166801986,3.791736839553644,4.276666119016055,4.054679305829669,1.9459101490553132,2.367123614131617,4.553876891600541,1.6739764335716716,2.4849066497880004,3.592735593561034,3.0757749812275277,4.438721978350427,1.0986122886681096,3.6375861597263857,3.8918202981106265,3.7376696182833684,3.884994333040227,4.3652195163575005,3.164067588373206,3.857214768933151,2.6855773452501515,3.4339872044851463,4.276666119016055,4.382026634673881,4.28588277412098,4.4148164574968725,3.6109179126442243,3.4231762883809305,3.8066624897703196,3.592735593561034,4.48863636973214,2.302585092994046,1.8458266904983307,3.8430301339411947,3.8781214537524646,1.8971199848858813,4.299550412849643,3.545778610473263,2.8716796248840124,0.3,8.5,4.6,13.8
2022Q3,88241.1,0.0,3.5,69.66666666666667,64.0,67.33333333333333,62.0,60.333333333333336,52.666666666666664,26.0,64.0,76.33333333333333,58.333333333333336,36.0,31.333333333333332,55.0,34.0,8.0,76.0,35.0,0.0,44.666666666666664,48.666666666666664,44.0,75.0,30.666666666666668,51.0,44.666666666666664,75.33333333333333,44.333333333333336,6.0,9.0,90.0,4.666666666666667,10.333333333333334,43.0,21.0,85.33333333333333,1.0,33.333333333333336,46.333333333333336,49.333333333333336,41.666666666666664,85.33333333333333,30.0,47.0,56.0,25.333333333333332,57.0,90.0,61.666666666666664,83.33333333333333,41.0,30.666666666666668,39.666666666666664,32.666666666666664,94.66666666666667,10.333333333333334,12.0,44.333333333333336,44.333333333333336,3.6666666666666665,70.0,43.666666666666664,58.0,4.257973986003903,4.174387269895637,4.2243976904702984,4.143134726391533,4.116323468940876,3.982792076316353,3.295836866004329,4.174387269895637,4.3481250829982,4.083171261623976,3.6109179126442243,3.4760986898352733,4.02535169073515,3.5553480614894135,2.1972245773362196,4.343805421853684,3.58351893845611,0.0,3.821368637160015,3.905334017277349,3.8066624897703196,4.330733340286331,3.455264602932431,3.9512437185814275,3.821368637160015,4.33510971488613,3.8140425970679424,1.9459101490553132,2.302585092994046,4.51085950651685,1.7346010553881064,2.4277482359480516,3.784189633918261,3.091042453358316,4.458215773031428,0.6931471805599453,3.5361166995615263,3.857214768933151,3.9186675481468147,3.7534179752515073,4.458215773031428,3.4339872044851463,3.8712010109078907,4.04305126783455,3.270835563798912,4.060443010546419,4.51085950651685,4.137829674161839,4.43477720005941,3.7376696182833684,3.455264602932431,3.7054087560651467,3.5165082281731497,4.560869927091511,2.4277482359480516,2.5649493574615367,3.8140425970679424,3.8140425970679424,1.5404450409471488,4.2626798770413155,3.7992275112828016,4.07753744390572,2.9,6.8,3.1,5.3
2022Q4,88219.0,0.0,3.2,65.66666666666667,63.333333333333336,74.0,51.0,64.0,45.666666666666664,28.0,45.666666666666664,79.0,52.666666666666664,38.0,28.333333333333332,54.0,32.666666666666664,11.0,70.33333333333333,21.0,0.0,50.0,64.33333333333333,48.333333333333336,64.0,27.333333333333332,48.0,44.666666666666664,52.666666666666664,51.0,7.333333333333333,10.0,83.66666666666667,5.666666666666667,10.333333333333334,46.0,23.0,74.66666666666667,0.3333333333333333,37.666666666666664,49.0,35.666666666666664,50.333333333333336,75.0,41.666666666666664,41.333333333333336,46.0,32.666666666666664,29.333333333333332,91.0,56.0,74.33333333333333,59.0,30.666666666666668,44.333333333333336,29.0,84.0,13.0,10.333333333333334,41.333333333333336,47.0,4.666666666666667,59.0,59.666666666666664,47.333333333333336,4.199705077879927,4.164077900236776,4.31748811353631,3.9512437185814275,4.174387269895637,3.8430301339411947,3.367295829986474,3.8430301339411947,4.382026634673881,3.982792076316353,3.6635616461296463,3.378724525810097,4.007333185232471,3.5165082281731497,2.4849066497880004,4.267363726353742,3.091042453358316,0.0,3.9318256327243257,4.179502370562408,3.8985999850960056,4.174387269895637,3.3440389678222067,3.8918202981106265,3.821368637160015,3.982792076316353,3.9512437185814275,2.120263536200091,2.3978952727983707,4.438721978350427,1.8971199848858813,2.4277482359480516,3.8501476017100584,3.1780538303479458,4.326337728813293,0.2876820724517809,3.654977902438255,3.912023005428146,3.6018680771243066,3.9383403137455195,4.330733340286331,3.7534179752515073,3.7455747977904816,3.8501476017100584,3.5165082281731497,3.41224721784874,4.5217885770490405,4.04305126783455,4.321922710604176,4.0943445622221,3.455264602932431,3.8140425970679424,3.4011973816621555,4.442651256490317,2.639057329615259,2.4277482359480516,3.7455747977904816,3.8712010109078907,1.7346010553881064,4.0943445622221,4.105394398408686,3.8781214537524646,0.0,3.5,0.3,7.1
2023Q1,88135.9,-0.1,2.8,68.33333333333333,66.33333333333333,70.33333333333333,56.333333333333336,69.33333333333333,50.0,30.0,53.333333333333336,75.33333333333333,61.666666666666664,42.666666666666664,33.0,58.333333333333336,36.333333333333336,13.666666666666666,79.0,14.333333333333334,0.0,56.666666666666664,52.0,48.0,89.66666666666667,32.333333333333336,57.666666666666664,38.666666666666664,64.33333333333333,57.0,2.3333333333333335,6.666666666666667,82.66666666666667,6.0,12.0,50.333333333333336,24.333333333333332,86.33333333333333,0.0,43.0,55.0,28.666666666666668,65.66666666666667,75.66666666666667,48.666666666666664,49.666666666666664,33.0,30.0,53.0,89.33333333333333,61.666666666666664,99.0,77.0,32.0,50.0,33.333333333333336,84.33333333333333,15.0,8.333333333333334,48.333333333333336,54.0,4.0,72.33333333333333,70.66666666666667,34.666666666666664,4.238925791033208,4.209655408733095,4.267363726353742,4.048882188145344,4.253245844807957,3.9318256327243257,3.4339872044851463,3.9951379121386528,4.33510971488613,4.137829674161839,3.7765850345330416,3.5263605246161616,4.083171261623976,3.619886582626985,2.6855773452501515,4.382026634673881,2.7300291078209855,0.0,4.054679305829669,3.970291913552122,3.8918202981106265,4.507189777627888,3.506557897319982,4.071871706370042,3.6805112044434196,4.179502370562408,4.060443010546419,1.2039728043259361,2.03688192726104,4.426840650463674,1.9459101490553132,2.5649493574615367,3.9383403137455195,3.2321210516182215,4.4697322150929875,0.0,3.784189633918261,4.02535169073515,3.39002408106403,4.199705077879927,4.339467020255086,3.905334017277349,3.9252682321781664,3.5263605246161616,3.4339872044851463,3.9889840465642745,4.503506532211591,4.137829674161839,4.605170185988092,4.356708826689592,3.4965075614664802,3.9318256327243257,3.5361166995615263,4.446565155811452,2.772588722239781,2.2335922215070942,3.8985999850960056,4.007333185232471,1.6094379124341003,4.295015257684252,4.272025739459553,3.574216545793796,0.0,3.2,0.3,8.5
2023Q2,87062.0,-1.2,-1.3,68.66666666666667,62.333333333333336,65.66666666666667,54.666666666666664,62.666666666666664,52.0,26.666666666666668,56.333333333333336,74.66666666666667,54.0,36.666666666666664,25.666666666666668,52.666666666666664,33.666666666666664,12.0,79.33333333333333,15.666666666666666,6.0,49.0,42.666666666666664,45.0,79.0,28.333333333333332,46.333333333333336,34.0,64.33333333333333,51.0,2.0,5.0,72.0,7.333333333333333,9.333333333333334,41.333333333333336,24.333333333333332,84.33333333333333,0.0,34.666666666666664,45.666666666666664,26.666666666666668,44.0,75.0,44.333333333333336,39.666666666666664,26.0,18.0,58.333333333333336,86.66666666666667,57.333333333333336,88.66666666666667,72.33333333333333,29.666666666666668,42.666666666666664,31.333333333333332,70.0,18.0,18.666666666666668,44.333333333333336,48.0,3.3333333333333335,64.0,64.66666666666667,29.333333333333332,4.243721963296702,4.148411783492376,4.199705077879927,4.019381523748645,4.15366113937852,3.970291913552122,3.3202283191284883,4.048882188145344,4.326337728813293,4.007333185232471,3.628775530044231,3.283414346005772,3.982792076316353,3.545778610473263,2.5649493574615367,4.386184644822546,2.8134107167600364,1.9459101490553132,3.912023005428146,3.7765850345330416,3.828641396489095,4.382026634673881,3.378724525810097,3.857214768933151,3.5553480614894135,4.179502370562408,3.9512437185814275,1.0986122886681096,1.791759469228055,4.290459441148391,2.120263536200091,2.3353749158170367,3.7455747977904816,3.2321210516182215,4.446565155811452,0.0,3.574216545793796,3.8430301339411947,3.3202283191284883,3.8066624897703196,4.330733340286331,3.8140425970679424,3.7054087560651467,3.295836866004329,2.9444389791664403,4.083171261623976,4.473541743509655,4.0661736852554045,4.496099090933729,4.295015257684252,3.4231762883809305,3.7765850345330416,3.4760986898352733,4.2626798770413155,2.9444389791664403,2.9789251552376097,3.8140425970679424,3.8918202981106265,1.4663370687934272,4.174387269895637,4.1845914400698785,3.41224721784874,-0.1,2.8,2.9,6.8
2023Q3,86640.2,-0.5,-1.8,67.66666666666667,64.33333333333333,69.66666666666667,62.333333333333336,61.0,54.666666666666664,27.666666666666668,66.66666666666667,76.0,54.333333333333336,37.333333333333336,24.333333333333332,52.666666666666664,35.0,8.333333333333334,78.33333333333333,17.0,3.3333333333333335,43.0,46.333333333333336,48.0,75.66666666666667,27.333333333333332,48.333333333333336,32.0,73.0,49.0,2.0,5.666666666666667,69.0,7.666666666666667,10.0,54.666666666666664,26.0,87.33333333333333,0.3333333333333333,31.666666666666668,41.0,19.0,42.333333333333336,84.33333333333333,49.0,42.0,17.333333333333332,28.666666666666668,49.333333333333336,96.0,59.666666666666664,93.0,81.33333333333333,28.666666666666668,38.333333333333336,30.666666666666668,64.0,21.666666666666668,50.666666666666664,48.666666666666664,45.666666666666664,2.6666666666666665,64.33333333333333,69.33333333333333,20.0,4.229263880121471,4.179502370562408,4.257973986003903,4.148411783492376,4.127134385045092,4.019381523748645,3.355735007585398,4.214593690373678,4.343805421853684,4.013375499688434,3.6463198396951406,3.2321210516182215,3.982792076316353,3.58351893845611,2.2335922215070942,4.373658385003365,2.8903717578961645,1.4663370687934272,3.784189633918261,3.857214768933151,3.8918202981106265,4.339467020255086,3.3440389678222067,3.8985999850960056,3.4965075614664802,4.304065093204169,3.912023005428146,1.0986122886681096,1.8971199848858813,4.248495242049359,2.1594842493533726,2.3978952727983707,4.019381523748645,3.295836866004329,4.481117537318113,0.2876820724517809,3.4863551900024623,3.7376696182833684,2.995732273553991,3.7689221617874726,4.446565155811452,3.912023005428146,3.7612001156935624,2.908720896564361,3.39002408106403,3.9186675481468147,4.574710978503383,4.105394398408686,4.543294782270004,4.410776047959867,3.39002408106403,3.672072335797555,3.455264602932431,4.174387269895637,3.120895416507997,3.9448128282511368,3.905334017277349,3.8430301339411947,1.2992829841302609,4.179502370562408,4.253245844807957,3.044522437723423,-1.2,-1.3,0.0,3.5
2023Q4,86235.5,-0.5,-2.2,67.66666666666667,65.66666666666667,76.33333333333333,51.666666666666664,64.33333333333333,49.333333333333336,31.0,49.0,84.33333333333333,54.0,40.0,27.333333333333332,55.333333333333336,37.333333333333336,11.333333333333334,75.0,12.0,2.3333333333333335,46.0,70.33333333333333,52.666666666666664,57.666666666666664,26.333333333333332,55.0,41.333333333333336,54.333333333333336,53.333333333333336,2.6666666666666665,6.666666666666667,85.33333333333333,9.0,9.666666666666666,47.666666666666664,28.666666666666668,80.66666666666667,0.0,36.333333333333336,45.333333333333336,24.0,51.0,74.33333333333333,57.0,39.666666666666664,12.333333333333334,25.0,26.666666666666668,91.66666666666667,54.0,78.0,91.33333333333333,30.666666666666668,41.0,29.333333333333332,76.33333333333333,22.0,39.666666666666664,45.333333333333336,48.333333333333336,2.3333333333333335,56.333333333333336,84.66666666666667,16.0,4.229263880121471,4.199705077879927,4.3481250829982,3.963982744358857,4.179502370562408,3.9186675481468147,3.4657359027997265,3.912023005428146,4.446565155811452,4.007333185232471,3.713572066704308,3.3440389678222067,4.0312864262549635,3.6463198396951406,2.512305623976115,4.330733340286331,2.5649493574615367,1.2039728043259361,3.8501476017100584,4.267363726353742,3.982792076316353,4.071871706370042,3.3081069585961433,4.02535169073515,3.7455747977904816,4.013375499688434,3.9951379121386528,1.2992829841302609,2.03688192726104,4.458215773031428,2.302585092994046,2.367123614131617,3.884994333040227,3.39002408106403,4.402645921876617,0.0,3.619886582626985,3.835861644462582,3.2188758248682006,3.9512437185814275,4.321922710604176,4.060443010546419,3.7054087560651467,2.5902671654458267,3.258096538021482,3.3202283191284883,4.529008825022528,4.007333185232471,4.3694478524670215,4.5254052175192285,3.455264602932431,3.7376696182833684,3.41224721784874,4.3481250829982,3.1354942159291497,3.7054087560651467,3.835861644462582,3.8985999850960056,1.2039728043259361,4.048882188145344,4.45046379622711,2.833213344056216,-0.5,-1.8,0.0,3.2
2024Q1,86324.3,0.1,-2.1,73.0,71.33333333333333,74.66666666666667,55.0,74.66666666666667,54.0,32.666666666666664,57.0,82.0,64.33333333333333,45.0,33.333333333333336,58.0,39.333333333333336,10.666666666666666,75.66666666666667,9.333333333333334,0.0,55.333333333333336,51.333333333333336,56.333333333333336,81.33333333333333,25.333333333333332,60.333333333333336,33.666666666666664,68.66666666666667,59.666666666666664,2.3333333333333335,6.333333333333333,72.66666666666667,11.0,11.666666666666666,51.666666666666664,34.0,92.66666666666667,0.0,39.666666666666664,51.0,12.0,70.0,73.0,42.333333333333336,45.333333333333336,12.666666666666666,28.333333333333332,48.333333333333336,83.33333333333333,57.666666666666664,76.33333333333333,77.33333333333333,32.333333333333336,48.0,28.666666666666668,66.66666666666667,30.0,36.333333333333336,53.666666666666664,51.666666666666664,3.0,74.0,64.33333333333333,16.0,4.304065093204169,4.28128506487235,4.326337728813293,4.02535169073515,4.326337728813293,4.007333185232471,3.5165082281731497,4.060443010546419,4.418840607796598,4.179502370562408,3.828641396489095,3.5361166995615263,4.07753744390572,3.6971782569286313,2.456735772821304,4.339467020255086,2.3353749158170367,0.0,4.0312864262549635,3.9576335166801986,4.048882188145344,4.410776047959867,3.270835563798912,4.116323468940876,3.545778610473263,4.243721963296702,4.105394398408686,1.2039728043259361,1.992430164690206,4.299550412849643,2.4849066497880004,2.538973871058276,3.963982744358857,3.5553480614894135,4.539742380665636,0.0,3.7054087560651467,3.9512437185814275,2.5649493574615367,4.2626798770413155,4.304065093204169,3.7689221617874726,3.835861644462582,2.614959778036198,3.378724525810097,3.8985999850960056,4.43477720005941,4.071871706370042,4.3481250829982,4.360973225476049,3.506557897319982,3.8918202981106265,3.39002408106403,4.214593690373678,3.4339872044851463,3.619886582626985,4.001254139156089,3.963982744358857,1.3862943611198906,4.31748811353631,4.179502370562408,2.833213344056216,-0.5,-2.2,-0.1,2.8
2024Q2,86185.4,-0.2,-1.0,78.33333333333333,67.66666666666667,69.66666666666667,58.666666666666664,68.0,58.0,29.666666666666668,59.0,76.66666666666667,54.0,42.333333333333336,27.0,52.0,32.0,10.333333333333334,73.33333333333333,9.333333333333334,0.0,44.333333333333336,45.333333333333336,52.333333333333336,63.0,20.666666666666668,57.0,32.666666666666664,66.66666666666667,61.0,2.3333333333333335,6.0,57.333333333333336,8.666666666666666,10.333333333333334,35.0,30.666666666666668,90.66666666666667,0.0,32.666666666666664,43.0,11.333333333333334,45.666666666666664,70.33333333333333,28.666666666666668,38.666666666666664,12.0,26.0,43.333333333333336,76.0,54.333333333333336,64.0,66.66666666666667,29.0,41.333333333333336,24.0,52.333333333333336,26.0,24.0,50.0,44.333333333333336,2.6666666666666665,66.66666666666667,41.333333333333336,14.333333333333334,4.373658385003365,4.229263880121471,4.257973986003903,4.088773517172645,4.23410650459726,4.07753744390572,3.4231762883809305,4.0943445622221,4.352426164897591,4.007333185232471,3.7689221617874726,3.332204510175204,3.970291913552122,3.4965075614664802,2.4277482359480516,4.308559482792009,2.3353749158170367,0.0,3.8140425970679424,3.835861644462582,3.9765615265657175,4.1588830833596715,3.0757749812275277,4.060443010546419,3.5165082281731497,4.214593690373678,4.127134385045092,1.2039728043259361,1.9459101490553132,4.0661736852554045,2.268683541318364,2.4277482359480516,3.58351893845611,3.455264602932431,4.518158808998462,0.0,3.5165082281731497,3.784189633918261,2.512305623976115,3.8430301339411947,4.267363726353742,3.39002408106403,3.6805112044434196,2.5649493574615367,3.295836866004329,3.791736839553644,4.343805421853684,4.013375499688434,4.174387269895637,4.214593690373678,3.4011973816621555,3.7455747977904816,3.2188758248682006,3.9765615265657175,3.295836866004329,3.2188758248682006,3.9318256327243257,3.8140425970679424,1.2992829841302609,4.214593690373678,3.7455747977904816,2.7300291078209855,0.1,-2.1,-1.2,-1.3
2024Q3,86142.9,0.0,-0.6,74.66666666666667,64.66666666666667,71.33333333333333,62.0,64.0,58.666666666666664,28.0,68.66666666666667,77.0,52.0,38.333333333333336,26.666666666666668,52.333333333333336,33.333333333333336,9.666666666666666,70.0,9.0,0.0,40.0,50.0,55.666666666666664,65.0,20.333333333333332,46.666666666666664,33.0,75.0,45.666666666666664,2.3333333333333335,6.666666666666667,54.666666666666664,9.0,11.0,41.666666666666664,34.0,94.33333333333333,0.3333333333333333,30.333333333333332,41.333333333333336,12.0,42.0,79.0,30.666666666666668,42.0,10.666666666666666,28.666666666666668,41.0,86.33333333333333,54.666666666666664,72.66666666666667,58.666666666666664,30.333333333333332,35.666666666666664,24.0,50.666666666666664,27.0,36.333333333333336,54.333333333333336,45.666666666666664,2.6666666666666665,71.66666666666667,45.333333333333336,13.333333333333334,4.326337728813293,4.1845914400698785,4.28128506487235,4.143134726391533,4.174387269895637,4.088773517172645,3.367295829986474,4.243721963296702,4.356708826689592,3.970291913552122,3.672072335797555,3.3202283191284883,3.9765615265657175,3.5361166995615263,2.367123614131617,4.2626798770413155,2.302585092994046,0.0,3.713572066704308,3.9318256327243257,4.037186148382152,4.189654742026425,3.060270794691562,3.8642323415917974,3.5263605246161616,4.330733340286331,3.8430301339411947,1.2039728043259361,2.03688192726104,4.019381523748645,2.302585092994046,2.4849066497880004,3.7534179752515073,3.5553480614894135,4.557379522151743,0.2876820724517809,3.4446824936018943,3.7455747977904816,2.5649493574615367,3.7612001156935624,4.382026634673881,3.455264602932431,3.7612001156935624,2.456735772821304,3.39002408106403,3.7376696182833684,4.4697322150929875,4.019381523748645,4.299550412849643,4.088773517172645,3.4446824936018943,3.6018680771243066,3.2188758248682006,3.9448128282511368,3.332204510175204,3.619886582626985,4.013375499688434,3.8430301339411947,1.2992829841302609,4.28588277412098,3.835861644462582,2.662587827025453,-0.2,-1.0,-0.5,-1.8
2024Q4,86532.9,0.5,0.3,73.0,68.66666666666667,78.33333333333333,49.666666666666664,67.0,54.0,32.333333333333336,48.333333333333336,85.66666666666667,55.333333333333336,43.666666666666664,34.333333333333336,53.0,35.666666666666664,14.0,67.33333333333333,7.333333333333333,3.3333333333333335,42.666666666666664,68.33333333333333,60.0,58.666666666666664,20.333333333333332,53.0,46.666666666666664,53.333333333333336,54.666666666666664,2.6666666666666665,6.333333333333333,70.0,13.333333333333334,11.0,42.666666666666664,43.333333333333336,88.0,0.0,37.0,47.0,9.333333333333334,58.0,72.66666666666667,38.666666666666664,45.333333333333336,14.333333333333334,26.0,29.0,92.0,52.333333333333336,66.0,72.66666666666667,33.666666666666664,0.0,21.666666666666668,65.0,36.666666666666664,51.0,51.333333333333336,49.0,2.0,61.333333333333336,56.666666666666664,18.333333333333332,4.304065093204169,4.243721963296702,4.373658385003365,3.9252682321781664,4.219507705176107,4.007333185232471,3.506557897319982,3.8985999850960056,4.4620693423474185,4.0312864262549635,3.7992275112828016,3.5648268054439574,3.9889840465642745,3.6018680771243066,2.70805020110221,4.2243976904702984,2.120263536200091,1.4663370687934272,3.7765850345330416,4.238925791033208,4.110873864173311,4.088773517172645,3.060270794691562,3.9889840465642745,3.8642323415917974,3.9951379121386528,4.019381523748645,1.2992829841302609,1.992430164690206,4.2626798770413155,2.662587827025453,2.4849066497880004,3.7765850345330416,3.791736839553644,4.48863636973214,0.0,3.6375861597263857,3.8712010109078907,2.3353749158170367,4.07753744390572,4.299550412849643,3.6805112044434196,3.835861644462582,2.7300291078209855,3.295836866004329,3.4011973816621555,4.532599493153256,3.9765615265657175,4.204692619390966,4.299550412849643,3.545778610473263,0.0,3.120895416507997,4.189654742026425,3.628775530044231,3.9512437185814275,3.9576335166801986,3.912023005428146,1.0986122886681096,4.132496328186477,4.054679305829669,2.9618307218783095,0.0,-0.6,-0.5,-2.2
2025Q1,86840.1,0.4,0.6,76.0,70.66666666666667,72.33333333333333,52.333333333333336,74.33333333333333,57.333333333333336,32.666666666666664,54.0,75.66666666666667,63.0,46.333333333333336,41.333333333333336,55.666666666666664,39.666666666666664,14.0,77.33333333333333,8.0,0.0,49.0,57.333333333333336,62.0,81.33333333333333,23.333333333333332,63.333333333333336,45.0,59.0,68.66666666666667,2.0,6.0,55.666666666666664,12.0,14.0,40.0,37.0,94.0,0.0,43.666666666666664,50.666666666666664,8.333333333333334,72.0,66.0,36.666666666666664,52.333333333333336,11.333333333333334,25.666666666666668,42.666666666666664,91.0,62.666666666666664,78.33333333333333,72.66666666666667,35.333333333333336,0.0,27.0,53.666666666666664,31.666666666666668,47.0,53.333333333333336,57.0,4.0,85.33333333333333,54.0,13.333333333333334,4.343805421853684,4.272025739459553,4.295015257684252,3.9765615265657175,4.321922710604176,4.0661736852554045,3.5165082281731497,4.007333185232471,4.339467020255086,4.1588830833596715,3.857214768933151,3.7455747977904816,4.037186148382152,3.7054087560651467,2.70805020110221,4.360973225476049,2.1972245773362196,0.0,3.912023005428146,4.0661736852554045,4.143134726391533,4.410776047959867,3.1918471524802814,4.164077900236776,3.828641396489095,4.0943445622221,4.243721963296702,1.0986122886681096,1.9459101490553132,4.037186148382152,2.5649493574615367,2.70805020110221,3.713572066704308,3.6375861597263857,4.553876891600541,0.0,3.7992275112828016,3.9448128282511368,2.2335922215070942,4.290459441148391,4.204692619390966,3.628775530044231,3.9765615265657175,2.512305623976115,3.283414346005772,3.7765850345330416,4.5217885770490405,4.15366113937852,4.373658385003365,4.299550412849643,3.592735593561034,0.0,3.332204510175204,4.001254139156089,3.4863551900024623,3.8712010109078907,3.9951379121386528,4.060443010546419,1.6094379124341003,4.458215773031428,4.007333185232471,2.662587827025453,0.5,0.3,0.1,-2.1
2025Q2,86940.0,0.1,0.9,75.66666666666667,67.66666666666667,67.0,53.333333333333336,63.0,57.666666666666664,28.333333333333332,54.333333333333336,71.33333333333333,54.0,40.666666666666664,37.0,52.0,35.666666666666664,10.666666666666666,77.33333333333333,9.666666666666666,3.3333333333333335,40.333333333333336,43.666666666666664,71.66666666666667,74.0,21.666666666666668,58.666666666666664,40.0,60.666666666666664,56.666666666666664,2.6666666666666665,5.666666666666667,45.333333333333336,9.666666666666666,10.666666666666666,34.0,32.0,84.33333333333333,0.0,31.666666666666668,43.666666666666664,19.333333333333332,47.0,68.0,27.333333333333332,45.333333333333336,9.0,21.333333333333332,43.0,80.33333333333333,59.333333333333336,69.33333333333333,63.666666666666664,29.0,0.0,22.666666666666668,44.0,29.333333333333332,41.666666666666664,51.0,46.333333333333336,2.0,77.33333333333333,40.0,11.333333333333334,4.339467020255086,4.229263880121471,4.219507705176107,3.9951379121386528,4.1588830833596715,4.071871706370042,3.378724525810097,4.013375499688434,4.28128506487235,4.007333185232471,3.7297014486341915,3.6375861597263857,3.970291913552122,3.6018680771243066,2.456735772821304,4.360973225476049,2.367123614131617,1.4663370687934272,3.721669276936927,3.7992275112828016,4.28588277412098,4.31748811353631,3.120895416507997,4.088773517172645,3.713572066704308,4.121743536410215,4.054679305829669,1.2992829841302609,1.8971199848858813,3.835861644462582,2.367123614131617,2.456735772821304,3.5553480614894135,3.4965075614664802,4.446565155811452,0.0,3.4863551900024623,3.7992275112828016,3.0122615755052013,3.8712010109078907,4.23410650459726,3.3440389678222067,3.835861644462582,2.302585092994046,3.106080330722856,3.784189633918261,4.398555936625092,4.099884742597716,4.253245844807957,4.169245870395218,3.4011973816621555,0.0,3.164067588373206,3.8066624897703196,3.41224721784874,3.7534179752515073,3.9512437185814275,3.857214768933151,1.0986122886681096,4.360973225476049,3.713572066704308,2.512305623976115,0.4,0.6,-0.2,-1.0
2025Q3,87253.9,0.4,1.3,68.66666666666667,61.666666666666664,64.0,56.0,59.333333333333336,56.333333333333336,27.666666666666668,60.666666666666664,71.33333333333333,51.333333333333336,36.666666666666664,32.333333333333336,53.666666666666664,31.333333333333332,11.333333333333334,81.66666666666667,9.666666666666666,0.0,35.333333333333336,47.333333333333336,86.0,78.33333333333333,21.0,55.0,40.0,70.66666666666667,46.666666666666664,2.0,5.0,61.0,10.333333333333334,11.0,45.0,33.666666666666664,89.33333333333333,0.0,30.666666666666668,46.666666666666664,8.666666666666666,43.0,77.66666666666667,28.666666666666668,46.0,9.333333333333334,29.333333333333332,45.666666666666664,90.66666666666667,64.0,74.66666666666667,58.0,30.333333333333332,8.666666666666666,23.666666666666668,56.0,28.0,51.0,52.666666666666664,45.0,1.3333333333333333,82.66666666666667,42.666666666666664,11.666666666666666,4.243721963296702,4.137829674161839,4.174387269895637,4.04305126783455,4.099884742597716,4.048882188145344,3.355735007585398,4.121743536410215,4.28128506487235,3.9576335166801986,3.628775530044231,3.506557897319982,4.001254139156089,3.4760986898352733,2.512305623976115,4.4148164574968725,2.367123614131617,0.0,3.592735593561034,3.8781214537524646,4.465908118654584,4.373658385003365,3.091042453358316,4.02535169073515,3.713572066704308,4.272025739459553,3.8642323415917974,1.0986122886681096,1.791759469228055,4.127134385045092,2.4277482359480516,2.4849066497880004,3.828641396489095,3.545778610473263,4.503506532211591,0.0,3.455264602932431,3.8642323415917974,2.268683541318364,3.784189633918261,4.3652195163575005,3.39002408106403,3.8501476017100584,2.3353749158170367,3.41224721784874,3.8430301339411947,4.518158808998462,4.174387269895637,4.326337728813293,4.07753744390572,3.4446824936018943,2.268683541318364,3.20545280453606,4.04305126783455,3.367295829986474,3.9512437185814275,3.982792076316353,3.828641396489095,0.8472978603872036,4.426840650463674,3.7765850345330416,2.538973871058276,0.1,0.9,0.0,-0.6
2025Q4,87453.1,0.2,1.1,69.0,63.0,71.0,46.0,62.0,50.333333333333336,30.333333333333332,46.333333333333336,76.66666666666667,53.666666666666664,41.333333333333336,34.333333333333336,57.666666666666664,33.666666666666664,20.0,75.66666666666667,8.333333333333334,0.0,39.0,67.66666666666667,92.33333333333333,61.333333333333336,18.666666666666668,61.666666666666664,67.0,59.0,65.33333333333333,3.6666666666666665,7.666666666666667,86.33333333333333,13.0,11.0,44.0,41.333333333333336,81.66666666666667,0.0,34.666666666666664,47.333333333333336,9.0,60.666666666666664,71.66666666666667,34.333333333333336,43.0,9.666666666666666,23.333333333333332,30.333333333333332,90.33333333333333,60.0,67.0,62.666666666666664,50.333333333333336,14.666666666666666,23.333333333333332,79.0,33.0,52.333333333333336,71.33333333333333,50.666666666666664,2.6666666666666665,80.0,55.0,14.666666666666666,4.248495242049359,4.1588830833596715,4.276666119016055,3.8501476017100584,4.143134726391533,3.9383403137455195,3.4446824936018943,3.857214768933151,4.352426164897591,4.001254139156089,3.7455747977904816,3.5648268054439574,4.071871706370042,3.545778610473263,3.044522437723423,4.339467020255086,2.2335922215070942,0.0,3.6888794541139363,4.229263880121471,4.53617731450114,4.132496328186477,2.9789251552376097,4.137829674161839,4.219507705176107,4.0943445622221,4.194692536056382,1.5404450409471488,2.1594842493533726,4.4697322150929875,2.639057329615259,2.4849066497880004,3.8066624897703196,3.7455747977904816,4.4148164574968725,0.0,3.574216545793796,3.8781214537524646,2.302585092994046,4.121743536410215,4.28588277412098,3.5648268054439574,3.784189633918261,2.367123614131617,3.1918471524802814,3.4446824936018943,4.5145158177199605,4.110873864173311,4.219507705176107,4.15366113937852,3.9383403137455195,2.751535313041949,3.1918471524802814,4.382026634673881,3.5263605246161616,3.9765615265657175,4.28128506487235,3.9448128282511368,1.2992829841302609,4.394449154672439,4.02535169073515,2.751535313041949,0.4,1.3,0.5,0.3
2026Q1,87635.6,0.2,0.9,71.66666666666667,65.66666666666667,67.0,51.666666666666664,67.0,55.0,28.666666666666668,53.666666666666664,73.0,61.0,42.333333333333336,38.666666666666664,63.666666666666664,36.333333333333336,16.666666666666668,92.66666666666667,34.0,0.0,46.333333333333336,56.0,92.66666666666667,89.33333333333333,22.0,75.33333333333333,85.66666666666667,66.66666666666667,56.333333333333336,2.3333333333333335,5.0,92.0,12.333333333333334,13.666666666666666,44.666666666666664,40.333333333333336,95.66666666666667,0.0,39.333333333333336,50.0,41.333333333333336,71.33333333333333,71.66666666666667,34.666666666666664,48.0,17.666666666666668,31.0,48.666666666666664,91.0,65.66666666666667,70.0,72.66666666666667,54.333333333333336,15.666666666666666,28.333333333333332,85.0,30.666666666666668,54.666666666666664,93.0,67.33333333333333,3.3333333333333335,98.0,52.333333333333336,23.0,4.28588277412098,4.199705077879927,4.219507705176107,3.963982744358857,4.219507705176107,4.02535169073515,3.39002408106403,4.001254139156089,4.304065093204169,4.127134385045092,3.7689221617874726,3.6805112044434196,4.169245870395218,3.619886582626985,2.8716796248840124,4.539742380665636,3.5553480614894135,0.0,3.857214768933151,4.04305126783455,4.539742380665636,4.503506532211591,3.1354942159291497,4.33510971488613,4.4620693423474185,4.214593690373678,4.048882188145344,1.2039728043259361,1.791759469228055,4.532599493153256,2.5902671654458267,2.6855773452501515,3.821368637160015,3.721669276936927,4.5712686343124105,0.0,3.6971782569286313,3.9318256327243257,3.7455747977904816,4.28128506487235,4.28588277412098,3.574216545793796,3.8918202981106265,2.9267394020670396,3.4657359027997265,3.905334017277349,4.5217885770490405,4.199705077879927,4.2626798770413155,4.299550412849643,4.013375499688434,2.8134107167600364,3.378724525810097,4.454347296253507,3.455264602932431,4.019381523748645,4.543294782270004,4.2243976904702984,1.4663370687934272,4.59511985013459,3.9765615265657175,3.1780538303479458,0.2,1.1,0.4,0.6
